_id,title,price,description,url
,Истории монстров. Том 18 : Исин Нисио,539.0,,https://www.labirint.ru/books/1012357/
,Истории монстров. Том 17 : Исин Нисио,539.0,,https://www.labirint.ru/books/1012356/
,Истории монстров. Том 16 : Исин Нисио,539.0,,https://www.labirint.ru/books/1012355/
,"Сакура, собирательница карт. Том 2 : CLAMP",726.0,,https://www.labirint.ru/books/1010394/
,"Сакура, собирательница карт. Том 1 : CLAMP",726.0,,https://www.labirint.ru/books/1010393/
,Король шаманов. Том 9 : Хироюки Такэи,851.0,,https://www.labirint.ru/books/1009400/
,Истории монстров. Том 15 : Исин Нисио,539.0,,https://www.labirint.ru/books/1009399/
,Истории монстров. Том 14 : Исин Нисио,539.0,,https://www.labirint.ru/books/1007768/
,Истории монстров. Том 13 : Исин Нисио,539.0,,https://www.labirint.ru/books/1007767/
,Тетрадь дружбы Нацумэ. Том 1 : Юки Мидорикава,609.0,,https://www.labirint.ru/books/786318/
,Нескучные фокусы с Оксом и Поксом. Комикс : Инна Цесарь,554.0,,https://www.labirint.ru/books/1019330/
,Продолжение следует. Эврика. Курозавр : Джеймс Фоли,440.0,,https://www.labirint.ru/books/987338/
,Продолжение следует. Эврика. Бробот : Джеймс Фоли,324.0,,https://www.labirint.ru/books/987337/
,Великое ограбление поезда : Ксения Потапцева,646.0,,https://www.labirint.ru/books/1019464/
,Набор значков Атака Титанов. Гарнизон,378.0,,https://www.labirint.ru/souvenir/1020088/
,Акира. Том 6 : Кацухиро Отомо,1398.0,,https://www.labirint.ru/books/1013620/
,Воин-скелет не смог защитить подземелье. Том 1 : Сосори,982.0,,https://www.labirint.ru/books/995339/
,Заточение. История об узниках и мнимо свободных. Везение потерянного. Том 1 : Монохромик,446.0,,https://www.labirint.ru/books/1004178/
,Исповедь неполноценного человека. Том 3 : Усамару Фуруя,429.0,,https://www.labirint.ru/books/1003068/
,Девушка-старушка : Хидеши Хино,782.0,,https://www.labirint.ru/books/1003067/
,Убийца гоблинов. Том 6 : Кумо Кагю,656.0,,https://www.labirint.ru/books/1004079/
,Волокно. Собрание произведений Юки Урусибары : Юки Урусибара,656.0,,https://www.labirint.ru/books/1004074/
,"Обещанная страна грёз. Мамины воспоминания : Сираи, Нанао",740.0,,https://www.labirint.ru/books/1004071/
,"Обещанная страна грёз. Письмо Нормана : Сираи, Нанао",740.0,,https://www.labirint.ru/books/1004070/
,Истории монстров. Том 12 : Исин Нисио,539.0,,https://www.labirint.ru/books/1006033/
,Прекрасный воин Сейлор Мун. Том 9 : Наоко Такэути,578.0,,https://www.labirint.ru/books/961813/
,Прекрасный воин Сейлор Мун. Том 8 : Наоко Такэути,578.0,,https://www.labirint.ru/books/961812/
,Рыцари Сидонии. Том 15 : Нихэй Цутому,477.0,,https://www.labirint.ru/books/994650/
,Рыцари Сидонии. Том 14 : Нихэй Цутому,477.0,,https://www.labirint.ru/books/994649/
,"Истории монстров. Том 11 : Нисио, Огурэ",539.0,,https://www.labirint.ru/books/994648/
,"Очень приятно, бог. Том 25 : Джульетта Судзуки",539.0,,https://www.labirint.ru/books/996844/
,"Очень приятно, бог. Том 24 : Джульетта Судзуки",539.0,,https://www.labirint.ru/books/996843/
,Голодный призрак : Виктория Ин,920.0,,https://www.labirint.ru/books/990580/
,"Виртуальные города. Нью-Вегас, Раккун-Сити и другие знаменитые города из видеоигр : Константинос Димопулос",2354.0,,https://www.labirint.ru/books/999397/
,Набор стикеров Геншин. Дизайн 4,176.0,,https://www.labirint.ru/games/1007171/
,Судзуки просто хочет жить спокойно. Том 1 : Хирохиса Сато,429.0,,https://www.labirint.ru/books/1005864/
,Истории сумочек : Юко Урамото,429.0,,https://www.labirint.ru/books/1005863/
,"4 пары : Федотов, Куликовских, Куликовских",631.0,,https://www.labirint.ru/books/1005699/
,"Я стала матерью главного героя. Том 3 : Го, Ынсан",1029.0,,https://www.labirint.ru/books/996856/
,Узнать за выходные. Океан : Гаэль Альмерас,1876.0,,https://www.labirint.ru/books/1008016/
,"La grande encyclopédie du Hobbit : Bador, Stocker, Potot",3246.0,,https://www.labirint.ru/books/992289/
,"BTS. Le Fan Guide : Wright, Murphy",1310.0,,https://www.labirint.ru/books/991914/
,"Эти игроки думают, что я один из них. Выпуск 1 : Оро, Таганский",1038.0,,https://www.labirint.ru/books/992892/
,Арт-блокнот «Вечность и тлен. Записки Люция Морана» : Алекс Анжело,1018.0,,https://www.labirint.ru/office/1006236/
,Якари и Койот : Жоб,707.0,,https://www.labirint.ru/books/1008017/
,Солнечный Заяц и Медвежонок. Сказки : Сергей Козлов,606.0,,https://www.labirint.ru/books/1007784/
,Игра Ф. Том 1 : Keyleen,729.0,,https://www.labirint.ru/books/1007751/
,Сладкие следы укусов. Том 1 : Yikai,878.0,,https://www.labirint.ru/books/996679/
,Наномашина. Том 2 : Джунволья Хан,739.0,,https://www.labirint.ru/books/996678/
,Герои Олимпа. Аид : Минчо,736.0,,https://www.labirint.ru/books/1006896/
,Белая рыба. Сказания о Бай и Ю. Перья сороки : Шу Гу,524.0,,https://www.labirint.ru/books/1007454/
,Как избавиться от 100 друзей. Том 2 : Сати Миябэ,429.0,,https://www.labirint.ru/books/1008872/
,Судзуки просто хочет жить спокойно. Том 2 : Хирохиса Сато,429.0,,https://www.labirint.ru/books/1011347/
,Ицуя-сан. Том 1 : Мидзу Сахара,442.0,,https://www.labirint.ru/books/1011346/
,Гяру не могут быть добры к отаку. Том 2 : Норисиро-тян,404.0,,https://www.labirint.ru/books/1011344/
,Стикеры Вдохновение : Дарья Левина,410.0,,https://www.labirint.ru/souvenir/1004200/
,Досье «Провиденс». К вопросу о генезисе лавкрафтианских химер,829.0,,https://www.labirint.ru/books/1015548/
,Волшебник страны Оз : Лаймен Баум,1702.0,,https://www.labirint.ru/books/1017000/
,Алиса в Стране чудес,1702.0,,https://www.labirint.ru/books/1016998/
,Ночные феи : Паоло Барбьери,1389.0,,https://www.labirint.ru/books/1016997/
,Грустные факты о детенышах : Брук Баркер,684.0,,https://www.labirint.ru/books/671185/
,"Не дразни меня, Нагаторо-сан! Том 3 : Нанаси",851.0,,https://www.labirint.ru/books/1015326/
,Да благословят боги этот прекрасный мир! Том 5 : Нацумэ Акацуки,851.0,,https://www.labirint.ru/books/1014594/
,"Сакура, собирательница карт. Том 5 : CLAMP",726.0,,https://www.labirint.ru/books/1014373/
,"Сакура, собирательница карт. Том 4 : CLAMP",726.0,,https://www.labirint.ru/books/1014372/
,"Сакура, собирательница карт. Том 3 : CLAMP",726.0,,https://www.labirint.ru/books/1014371/
,"Не дразни меня, Нагаторо-сан! Том 2 : Нанаси",851.0,,https://www.labirint.ru/books/1014369/
,Семь смертных грехов. Том 9 : Судзуки Накаба,687.0,,https://www.labirint.ru/books/1013623/
,Семь смертных грехов. Том 8 : Судзуки Накаба,687.0,,https://www.labirint.ru/books/1013622/
,"Не дразни меня, Нагаторо-сан! Том 1 : Нанаси",851.0,,https://www.labirint.ru/books/1013621/
,Акира. Том 5 : Кацухиро Отомо,1398.0,,https://www.labirint.ru/books/1013619/
,Акира. Том 4 : Кацухиро Отомо,1398.0,,https://www.labirint.ru/books/1013618/
,Sekiro. Shadows Die Twice. Иллюстрации,2725.0,,https://www.labirint.ru/books/1012856/
,Набор значков Атака Титанов. Леви,378.0,,https://www.labirint.ru/souvenir/1020087/
,Набор значков Атака Титанов. Знамена,378.0,,https://www.labirint.ru/souvenir/1020086/
,Набор значков Атака Титанов. Титаны,378.0,,https://www.labirint.ru/souvenir/1020085/
,Набор значков Naruto. Чибики Шиппуден Саске,378.0,,https://www.labirint.ru/souvenir/1020083/
,Набор значков Naruto. Чибики Шиппуден Саске,378.0,,https://www.labirint.ru/souvenir/1020081/
,Набор значков Atomic heart. Огонь,378.0,,https://www.labirint.ru/souvenir/1020080/
,Набор значков Atomic heart. Баба Зина,378.0,,https://www.labirint.ru/souvenir/1020079/
,Набор значков Atomic heart. Атомное противостояние,378.0,,https://www.labirint.ru/souvenir/1020078/
,Набор значков Atomic heart. Атомное Сердце,378.0,,https://www.labirint.ru/souvenir/1020077/
,Genshin Impact. Официальные иллюстрации. Часть 1 : miHoYo,2451.0,,https://www.labirint.ru/books/1018462/
,"Не дразни меня, Нагаторо-сан! Том 4 : Нанаси",851.0,,https://www.labirint.ru/books/1017140/
,Топить в огне бушующем печали. Том 1 : Priest,1554.0,,https://www.labirint.ru/books/1007025/
,"СВО. Непридуманные истории. Графический роман : Лукьяненко, Григорьев",244.0,,https://www.labirint.ru/books/1020744/
,"Освободите эту ведьму. Том 1 : Эрму, Вэньхуа",910.0,,https://www.labirint.ru/books/985022/
,Тыквенный сезон. Рецепты чародейки Пам для уютных осенних вечеров : arigate,901.0,,https://www.labirint.ru/books/978203/
,Геншин. Пазлы-предсказания,872.0,,https://www.labirint.ru/souvenir/988166/
,"Кольцо Тьмы. Эльфийский клинок. Том 2 : Перумов, Старостин",924.0,,https://www.labirint.ru/books/974170/
,"Страж. Ведьмин яр. Черно-белое издание : Пехов, Старостин",1078.0,,https://www.labirint.ru/books/974169/
,"Страж. Ведьмин яр : Пехов, Старостин",924.0,,https://www.labirint.ru/books/974168/
,Ужасная Макико : Хидеши Хино,832.0,,https://www.labirint.ru/books/984886/
,Тающий класс : Дзюндзи Ито,656.0,,https://www.labirint.ru/books/984885/
,Как избавиться от 100 друзей. Том 1 : Сати Миябэ,404.0,,https://www.labirint.ru/books/984884/
,The Witch of My Heart. Том 4. Нужно уметь прощать : Julia Goldfox,776.0,,https://www.labirint.ru/books/975862/
,The Witch of My Heart. Том 3. Положись на меня : Julia Goldfox,591.0,,https://www.labirint.ru/books/975861/
,The Witch of My Heart. Том 2. Не всегда все идет гладко : Julia Goldfox,546.0,,https://www.labirint.ru/books/975860/
,The Witch of My Heart. Том 1. Что может быть общего у ведьмы и дворника? : Julia Goldfox,710.0,,https://www.labirint.ru/books/975859/
,Фантастическая эволюция насекомых : Доюн Ким,935.0,,https://www.labirint.ru/books/989874/
,Beast Complex. Звериный комплекс. Том 1 : Пару Итагаки,670.0,,https://www.labirint.ru/books/981902/
,Атака на Титанов 2. Книги 3 и 4 : Хадзимэ Исаяма,852.0,,https://www.labirint.ru/books/525284/
,Нелюдь. Том 10 : Сакураи Гамон,500.0,,https://www.labirint.ru/books/769059/
,"Проза бродячих псов. Том 9 : Харукава, Асагири",851.0,,https://www.labirint.ru/books/915459/
,"Очень приятно, бог. Том 21 : Джульетта Судзуки",539.0,,https://www.labirint.ru/books/961821/
,"Очень приятно, бог. Том 20 : Джульетта Судзуки",539.0,,https://www.labirint.ru/books/961820/
,Король шаманов. Том 8 : Хироюки Такэи,851.0,,https://www.labirint.ru/books/961829/
,Истории о монстрах. Том 2 : Исин Нисио,875.0,,https://www.labirint.ru/books/961832/
,Рыцари «Сидонии». Том 13 : Нихэй Цутому,477.0,,https://www.labirint.ru/books/988134/
,"Очень приятно, бог. Том 23 : Джульетта Судзуки",539.0,,https://www.labirint.ru/books/988132/
,"Genshin Impact. Альбом 100 наклеек, зеленый",327.0,,https://www.labirint.ru/books/990371/
,Необъятный океан. Том 7 : Иноуэ Кэндзи,771.0,,https://www.labirint.ru/books/989808/
,Тайный мир фантастических существ : Ева Туренент,817.0,,https://www.labirint.ru/books/992708/
,Fairy Tail. Том 22 : Масима Хиро,500.0,,https://www.labirint.ru/books/961831/
,"Война и мир. Графический роман : Чухрай, Полторак",1386.0,,https://www.labirint.ru/books/990590/
,Мянь Лан. Артбук : Лан Мянь,1774.0,,https://www.labirint.ru/books/970973/
,"Beyond the Story. 10-Year Record of BTS : BTS, Kang",3199.0,,https://www.labirint.ru/books/955269/
,Новеллы. Книга четвёртая : Серджо Топпи,1358.0,,https://www.labirint.ru/books/994746/
,Платонов. Цветы на земле,616.0,,https://www.labirint.ru/books/985025/
,Дружина Дарданели : Павле Зелич,770.0,,https://www.labirint.ru/books/985024/
,R значит Регресс. Том 1 : Тимур Шельм,924.0,,https://www.labirint.ru/books/985023/
,Зеленый Шершень,238.0,,https://www.labirint.ru/books/993286/
,Дятел Вуди. Весы фортуны : Уолтер Ланц,238.0,,https://www.labirint.ru/books/993285/
,Дятел Вуди. Гнев Дятла : Уолтер Ланц,238.0,,https://www.labirint.ru/books/993284/
,Хакер. Версия 1.1 : Александр Еремин,1400.0,,https://www.labirint.ru/books/993283/
,Imagine Dragons. Дневник фаната : Джеймс Блэк,735.0,,https://www.labirint.ru/office/996408/
,"Магия вернувшегося должна быть особенной. Том 3 : Ук, Ю",1011.0,,https://www.labirint.ru/books/974600/
,Основатель Тёмного Пути. Маньхуа. Том 7 : Мосян Тунсю,1192.0,,https://www.labirint.ru/books/989945/
,Искатели города дорог. Выпуск 2 : Марголис,504.0,,https://www.labirint.ru/books/996166/
,Кот Феликс. Мастер на все лапки,238.0,,https://www.labirint.ru/books/996189/
,Преступления и наказания,238.0,,https://www.labirint.ru/books/996187/
,Привратники. Том 2 : Габи,924.0,,https://www.labirint.ru/books/996178/
,Русы против Ящеров : Дмитрий Чинов,280.0,,https://www.labirint.ru/books/996177/
,"Цветами юности полна моя душа. То, что я даже представить не могла, пока мне не исполнилось сорок : Джейн Су",479.0,,https://www.labirint.ru/books/991723/
,Нескучные опыты с Оксом и Поксом : Инна Цесарь,545.0,,https://www.labirint.ru/books/996479/
,Тайная любовь. Том 1 : Чуаньлю Цзи,1063.0,,https://www.labirint.ru/books/964002/
,Костяная кукла и другие обитатели мандалы : Хидеши Хино,782.0,,https://www.labirint.ru/books/996198/
,Адская колыбельная : Хидеши Хино,807.0,,https://www.labirint.ru/books/996195/
,Ясновидящая Мако : Хидеши Хино,782.0,,https://www.labirint.ru/books/996200/
,Тяга к тебе. Выпуск 1 : Akamira,1038.0,,https://www.labirint.ru/books/992902/
,Вещь покойника : Александр Зеленков,238.0,,https://www.labirint.ru/books/1002414/
,Туалетный мальчик Ханако. Том 7 : Айда Иро,601.0,,https://www.labirint.ru/books/999774/
,"Истребитель демонов. Том 14. ""Му"" в имени Муитиро : Готогэ Коёхару",601.0,,https://www.labirint.ru/books/999771/
,Суйики. Территория воды. Том 2 : Юки Урусибара,601.0,,https://www.labirint.ru/books/999768/
,Я и другая я : Мидзу Сахара,429.0,,https://www.labirint.ru/books/996199/
,Бюст Бендер,2702.0,,https://www.labirint.ru/games/1020915/
,Бюст Рик и Морти,2702.0,,https://www.labirint.ru/games/1020914/
,Бюст Гомер,2324.0,,https://www.labirint.ru/games/1020913/
,Бюст Соник,2702.0,,https://www.labirint.ru/games/1020912/
,Тим идет в школу : Александра Калинина,277.0,,https://www.labirint.ru/books/1021004/
,Тим и страшная тень : Александра Калинина,277.0,,https://www.labirint.ru/books/1021003/
,Космический почтальон — 3. Голодный рейс : Гийом Перро,1442.0,,https://www.labirint.ru/books/1021043/
,Чудовище за соседней партой. Иллюстрации Робико. Артбук : Робико,2044.0,,https://www.labirint.ru/books/1021879/
,"Сакура, собирательница карт. Том 7 : CLAMP",726.0,,https://www.labirint.ru/books/1021878/
,"Сакура, собирательница карт. Том 6 : CLAMP",726.0,,https://www.labirint.ru/books/1021877/
,Бездомный бог. Том 23 : Адатитока,539.0,,https://www.labirint.ru/books/1021875/
,Бездомный бог. Том 22 : Адатитока,539.0,,https://www.labirint.ru/books/1021874/
,Бездомный бог. Том 21 : Адатитока,539.0,,https://www.labirint.ru/books/1021873/
,"Скрытые системы. Вода, электричество, интернет и другие загадочные вещи : Дэн Нотт",1198.0,,https://www.labirint.ru/books/1022259/
,Калевала. Графический роман : Сами Макконен,2857.0,,https://www.labirint.ru/books/1021831/
,Закрыто на лето : Майя Челия,463.0,,https://www.labirint.ru/books/1022051/
,Фабрика Зозо : Таньцай Лу,919.0,,https://www.labirint.ru/books/944375/
,Необъятный океан. Том 6 : Иноуэ Кэндзи,771.0,,https://www.labirint.ru/books/962380/
,Аниме Взрыв. Что? Почему? Вот это да! Феномен японской анимации : Патрик Дрейзен,819.0,,https://www.labirint.ru/books/961282/
,Токийский гуль. Книга 2 : Суи Исида,982.0,,https://www.labirint.ru/books/913106/
,Утренняя выпечка для Момо-тян. Том 2 : Сая Усато,404.0,,https://www.labirint.ru/books/946087/
,Рассказы о Сирахимэ : CLAMP,681.0,,https://www.labirint.ru/books/952181/
,Отражения смерти : Хидеши Хино,681.0,,https://www.labirint.ru/books/952180/
,Счастливый Попоти. Том 2 : Сая Усато,479.0,,https://www.labirint.ru/books/960381/
,Счастливый Попоти. Том 1 : Сая Усато,479.0,,https://www.labirint.ru/books/960380/
,Старшеклассницы в свое свободное время. Том 1 : Коёри Мимото,404.0,,https://www.labirint.ru/books/960379/
,Исповедь неполноценного человека. Том 1 : Усамару Фуруя,404.0,,https://www.labirint.ru/books/960376/
,"13 карт. Фанфики. Подданные Земли Королей : Поляков, Бусалов, Шульц",1038.0,,https://www.labirint.ru/books/960781/
,Токийские мстители. Том 10 : Кэн Вакуи,929.0,,https://www.labirint.ru/books/961815/
,Токийские мстители. Том 9 : Кэн Вакуи,929.0,,https://www.labirint.ru/books/961814/
,Истории Монстров. Том 9 : Исин Нисио,539.0,,https://www.labirint.ru/books/961827/
,Истории Монстров. Том 4 : Исин Нисио,539.0,,https://www.labirint.ru/books/961826/
,Истории Монстров. Том 3 : Исин Нисио,539.0,,https://www.labirint.ru/books/961825/
,Истории Монстров. Том 1 : Исин Нисио,539.0,,https://www.labirint.ru/books/961823/
,"Очень приятно, бог. Том 19 : Джульетта Судзуки",539.0,,https://www.labirint.ru/books/961819/
,Ложные выводы. Том 6 : Кё Сиродайра,771.0,,https://www.labirint.ru/books/964253/
,Стикеры для фанатов K-Pop,70.0,,https://www.labirint.ru/games/965801/
,Токийские мстители. Том 11 : Кэн Вакуи,929.0,,https://www.labirint.ru/books/961816/
,Роза ветров. Том 1 : Сфера Ференц,1239.0,,https://www.labirint.ru/books/954905/
,Арт-блокнот «Дневник Кая» : Алекс Анжело,639.0,,https://www.labirint.ru/office/957918/
,Блокнот SlovoDna. Душнила : Кирилл Караваев,639.0,,https://www.labirint.ru/office/963161/
,Якари и гризли : Жоб,707.0,,https://www.labirint.ru/books/967303/
,Рыцари «Сидонии». Том 11 : Нихэй Цутому,477.0,,https://www.labirint.ru/books/961830/
,Истории Монстров. Том 10 : Исин Нисио,539.0,,https://www.labirint.ru/books/961828/
,Moscow Calling. Том 1. Поезд по России : Кирилл Волошин,462.0,,https://www.labirint.ru/books/971694/
,"Хроники Сиалы. Харьганова пустошь : Пехов, Писоцкий",588.0,,https://www.labirint.ru/books/971693/
,Стикерпак Драконы - не коты,216.0,,https://www.labirint.ru/books/971647/
,Стикерпак Живые книги,194.0,,https://www.labirint.ru/books/971645/
,"Шина — королева джунглей : Айснер, Айгер",238.0,,https://www.labirint.ru/books/971699/
,Миротворец. В огненном мире : Джо Гилл,238.0,,https://www.labirint.ru/books/971698/
,Миротворец. Мир будущего : Джо Гилл,238.0,,https://www.labirint.ru/books/971697/
,"Мета-Чувак : Косых, Гордеев, Утилев",420.0,,https://www.labirint.ru/books/971696/
,Таффи - Черепашка,238.0,,https://www.labirint.ru/books/971701/
,Кастака. Оружие Метабарона : Алехандро Ходоровски,1642.0,,https://www.labirint.ru/books/961336/
,Черные и белые. Победы и поражения Бобби Фишера : Хулиан Волох,958.0,,https://www.labirint.ru/books/975842/
,"Реквием. Рыцарь вампир. Воскрешение. Пляска Смерти : Миллс, Ледруа",1401.0,,https://www.labirint.ru/books/551463/
,Dark Souls. Иллюстрации,1866.0,,https://www.labirint.ru/books/805654/
,Основатель Тёмного Пути. Маньхуа. Том 6 : Мосян Тунсю,1192.0,,https://www.labirint.ru/books/964255/
,Математика. Запоминаем таблицу умножения : Наталья Анашина,189.0,,https://www.labirint.ru/books/983990/
,Наномашина. Том 1 : Джунволья Хан,676.0,,https://www.labirint.ru/books/958463/
,"Вьюн, Космея и проклятие ведьмы : Анастасия Сарнацкая",560.0,,https://www.labirint.ru/books/971706/
,Конан-варвар. Жизнь и смерть Конана : Джейсон Аарон,1330.0,,https://www.labirint.ru/books/971704/
,Конан-варвар. Жизнь и смерть Конана : Джейсон Аарон,840.0,,https://www.labirint.ru/books/971703/
,Снежный человек : Аскольд Акишин,490.0,,https://www.labirint.ru/books/971695/
,Каратель. Том 5. Работорговцы : Гарт Эннис,280.0,,https://www.labirint.ru/books/985029/
,"Каратель. Том 4. Верх — это низ, а чёрное — это белое : Гарт Эннис",280.0,,https://www.labirint.ru/books/985028/
,Каратель. Том 1. В начале : Гарт Эннис,350.0,,https://www.labirint.ru/books/985027/
,Призрачный берег : Юлия Никитина,560.0,,https://www.labirint.ru/books/985026/
,Верта и карандаши : Лаура Беллини,505.0,,https://www.labirint.ru/books/1022037/
,Верта и яйцо : Лаура Беллини,505.0,,https://www.labirint.ru/books/1022036/
,Верта и колода карт : Лаура Беллини,505.0,,https://www.labirint.ru/books/1022035/
,"Голод : Гамсун, Эрнстсен",1571.0,,https://www.labirint.ru/books/1022030/
,Психиатрические комиксы. Истории про людей : Ольга Задорожная,391.0,,https://www.labirint.ru/books/1021919/
,"Козлы. Житейский этюд в 42 кадрах, с эпилогом : Илья Викторов",769.0,,https://www.labirint.ru/books/1022053/
,Семь смертных грехов. Том 12 : Судзуки Накаба,687.0,,https://www.labirint.ru/books/1022936/
,Король шаманов. Том 12 : Хироюки Такэи,851.0,,https://www.labirint.ru/books/1022935/
,Бездомный бог. Том 25 : Адатитока,539.0,,https://www.labirint.ru/books/1022932/
,Бездомный бог. Том 24 : Адатитока,539.0,,https://www.labirint.ru/books/1022931/
,Высший класс : Джерри Крафт,1072.0,,https://www.labirint.ru/books/1023502/
,Новенький : Джерри Крафт,1072.0,,https://www.labirint.ru/books/1023501/
,Исповедь неполноценного человека. Том 2 : Усамару Фуруя,429.0,,https://www.labirint.ru/books/978403/
,Красная змея : Хидеши Хино,782.0,,https://www.labirint.ru/books/978404/
,Старшеклассницы в свое свободное время. Том 2 : Коёри Мимото,404.0,,https://www.labirint.ru/books/978406/
,Ложные выводы. Том 7 : Сиродайра Кё,771.0,,https://www.labirint.ru/books/981044/
,Набор стикеров Весенний,416.0,,https://www.labirint.ru/souvenir/946001/
,Набор стикеров Мамины наклейки,386.0,,https://www.labirint.ru/souvenir/945999/
,Набор стикеров Нескучное искусство,386.0,,https://www.labirint.ru/souvenir/945998/
,"Rus BD. Избранное. Фантастика : Пириянц, Капнинский, Конопатова",919.0,,https://www.labirint.ru/books/940891/
,Психопанорама. Антон Бугай : Дмитрий Елецкий,192.0,,https://www.labirint.ru/books/949733/
,"Психопанорама. Александр Андрианов : Кадилов, Елецкий",192.0,,https://www.labirint.ru/books/949732/
,Древние Комиксы. Черная магия : Джек Кирби,238.0,,https://www.labirint.ru/books/949731/
,Древние Комиксы. Берегись : Гарри Гаррисон,238.0,,https://www.labirint.ru/books/949729/
,Императрица. Том 1 : Tutu,896.0,,https://www.labirint.ru/books/949728/
,Вера Вульф : Евгений Еронин,432.0,,https://www.labirint.ru/books/949284/
,Звёздные войны. Сокол тысячелетия : Джеймс Лусено,635.0,,https://www.labirint.ru/books/940352/
,Якари и морской великан : Жоб,707.0,,https://www.labirint.ru/books/952056/
,Якари и облако над водой : Жоб,707.0,,https://www.labirint.ru/books/952055/
,Предания Олимпа. Книга третья : Рэйчел Смайт,1514.0,,https://www.labirint.ru/books/930301/
,"А-а, ёкаи! Духи и демоны Японии в стиле манга. Придумай и раскрась историю",339.0,,https://www.labirint.ru/books/955187/
,"Альманах комиксов Бам!Бук. Красная книга : Manaeva, Килевая, Морозова",860.0,,https://www.labirint.ru/books/947433/
,"Tiny Bunny. Зайчик. Любовь, Смерть и Клубника : Сайконо, Сокарев",653.0,,https://www.labirint.ru/books/949464/
,Проза бродячих псов. Том 6 : Кафка Асагири,851.0,,https://www.labirint.ru/books/840955/
,Хвост Феи. Том 21 : Масима Хиро,500.0,,https://www.labirint.ru/books/951943/
,Токийские мстители. Том 8 : Кэн Вакуи,929.0,,https://www.labirint.ru/books/951942/
,Токийские мстители. Том 7 : Кэн Вакуи,929.0,,https://www.labirint.ru/books/951941/
,Нелюдь. Том 17 : Сакураи Гамон,500.0,,https://www.labirint.ru/books/951940/
,Единорог. Омнибус : Матье Габелла,1821.0,,https://www.labirint.ru/books/955120/
,Регулятор Том 2: 666-я. Корделия. Никта : Корберан,1401.0,,https://www.labirint.ru/books/955122/
,Соло. Пережившие Хаос : Оскар Мартин,1401.0,,https://www.labirint.ru/books/955121/
,Ни больше ни меньше : Олег Тищенков,560.0,,https://www.labirint.ru/books/957278/
,"Bubble Триптих. Часть 3 : Замский, Котков",203.0,,https://www.labirint.ru/books/952038/
,Маша и Медведь. Всё вверх дном и кувырком : Михаил Заславский,392.0,,https://www.labirint.ru/books/938612/
,Былое и грядущее. Книга первая : Кирон Гиллен,1647.0,,https://www.labirint.ru/books/946055/
,Еловый : Екатерина Наумова,392.0,,https://www.labirint.ru/books/957265/
,Былое и грядущее. Книга первая : Кирон Гиллен,1120.0,,https://www.labirint.ru/books/946054/
,За гранью снов. Том 1 : Марина Клейман,919.0,,https://www.labirint.ru/books/943747/
,W.I.T.C.H. Часть 3. Кризис двух миров. Том 2 : Элизабетта Ньоне,1376.0,,https://www.labirint.ru/books/943760/
,Игра настольная. Наруто. Техника клонирования,725.0,,https://www.labirint.ru/games/957602/
,Основатель Темного Пути. Маньхуа. Том 5 : Мосян Тунсю,1192.0,,https://www.labirint.ru/books/944121/
,Геншин. Пазл-360 Янтарь,410.0,,https://www.labirint.ru/games/957603/
,Наруто. Настольная игра. Бабл-Дабл,725.0,,https://www.labirint.ru/games/957591/
,Огненный удар 3. Книги 5-6 : Тацуки Фудзимото,982.0,,https://www.labirint.ru/books/952509/
,"Очень приятно, бог. Том 10 : Джульетта Судзуки",539.0,,https://www.labirint.ru/books/721364/
,"Очень приятно, бог. Том 9 : Джульетта Судзуки",539.0,,https://www.labirint.ru/books/717975/
,Человек-бензопила. Книга 8. Спойлер : Тацуки Фудзимото,670.0,,https://www.labirint.ru/books/946342/
,Король шаманов. Том 7 : Хироюки Такэи,851.0,,https://www.labirint.ru/books/956816/
,Рыцари Сидонии. Том 10 : Нихэй Цутому,477.0,,https://www.labirint.ru/books/956819/
,Да благословят боги этот прекрасный мир! Том 4 : Нацумэ Акацуки,851.0,,https://www.labirint.ru/books/956814/
,Игра настольная Наруто. Боруто. Громовой бургер,557.0,,https://www.labirint.ru/games/959992/
,Так сложно любить отаку. Том 9 : Фудзита,656.0,,https://www.labirint.ru/books/960012/
,Якари в гостях у бобров : Жоб,707.0,,https://www.labirint.ru/books/960512/
,Так сложно любить отаку. Том 8 : Фудзита,656.0,,https://www.labirint.ru/books/960011/
,Туалетный мальчик Ханако. Том 5 : Айда Иро,601.0,,https://www.labirint.ru/books/960009/
,Туалетный мальчик Ханако. Том 4 : Айда Иро,601.0,,https://www.labirint.ru/books/960008/
,Истребитель демонов. Том 9. Проникновение в квартал : Готогэ Коёхару,601.0,,https://www.labirint.ru/books/960007/
,Огненный удар 4. Книги 7 и 8 : Тацуки Фудзимото,982.0,,https://www.labirint.ru/books/958345/
,Истребитель демонов. Том 8. Сила молодой луны : Готогэ Коёхару,601.0,,https://www.labirint.ru/books/960006/
,Безумная Харли Квинн : Эндрю Фараго,2256.0,,https://www.labirint.ru/books/915465/
,Начало после конца. Том 1 : TurtleMe,860.0,,https://www.labirint.ru/books/936725/
,Эмиль и Марго. Том 5. Весь мир кувырком : Энн Дидье,966.0,,https://www.labirint.ru/books/754141/
,"Лериана, невеста герцога по контракту. Том 3 : Мильчха",1082.0,,https://www.labirint.ru/books/954936/
,Фантастическая четвёрка. Дорожное приключение : Кристофер Кантуэлл,273.0,,https://www.labirint.ru/books/962481/
,Волк и Найденыш. Том первый : Вэй Ма,965.0,,https://www.labirint.ru/books/944377/
,"Амнея28. Две вечности. Асфиксия : Вакари, Кейрин",606.0,,https://www.labirint.ru/books/961983/
,Пластикмен : Джек Коул,238.0,,https://www.labirint.ru/books/971700/
,Эххо. Зеркальный Мир. Том 4. Свингующий Лондон. Русалка Манхэттена : Кристоф Арлестон,1401.0,,https://www.labirint.ru/books/979852/
,Dark Souls III. Иллюстрации,2725.0,,https://www.labirint.ru/books/915464/
,Наклейки Те ещё грибочки,162.0,,https://www.labirint.ru/books/945735/
,Незадачи исследователя. Растения : Юлия Кручинина,186.0,,https://www.labirint.ru/books/946747/
,Бюст «Грут»,2324.0,,https://www.labirint.ru/games/943319/
,Бюст «Джокер»,2324.0,,https://www.labirint.ru/games/943311/
,Бюст «Веном»,2324.0,,https://www.labirint.ru/games/943299/
,Бюст «Йода»,2324.0,,https://www.labirint.ru/games/943296/
,Бюст «Халк»,2324.0,,https://www.labirint.ru/games/943295/
,Бюст «Гарри Поттер»,2324.0,,https://www.labirint.ru/games/943288/
,"Звёздные войны. Расцвет Республики. Тропа обмана : Айрлэнд, Греттон",635.0,,https://www.labirint.ru/books/945883/
,Бригада пылающего пламени. Том 5 : Окубо Ацуси,771.0,,https://www.labirint.ru/books/948388/
,Бригада пылающего пламени. Том 4 : Окубо Ацуси,771.0,,https://www.labirint.ru/books/948387/
,GUNNM. Оружие мечты. Том 8 : Юкито Кисиро,524.0,,https://www.labirint.ru/books/915457/
,"О моём перерождении в слизь. Книга 9 : Каваками, Фусэ",771.0,,https://www.labirint.ru/books/935123/
,Ложные выводы. Том 5 : Кё Сиродайра,771.0,,https://www.labirint.ru/books/935122/
,Необъятный океан. Том 5 : Иноуэ Кэндзи,771.0,,https://www.labirint.ru/books/935120/
,"Магия вернувшегося должна быть особенной. Том 2 : Ук, Ю",1011.0,,https://www.labirint.ru/books/914991/
,"Проза бродячих псов. Том 10 : Асагири, Харукава",851.0,,https://www.labirint.ru/books/915458/
,Дракон в поисках дома. Том 3 : Каво Тануки,601.0,,https://www.labirint.ru/books/907260/
,Двойняшки Фуро : Юки Сивасу,601.0,,https://www.labirint.ru/books/907258/
,"Город, в котором меня нет. Том 4 : Кэи Самбэ",601.0,,https://www.labirint.ru/books/907257/
,"Sword Art Online. Progressive. Том 3 : Кавахара, Химура",601.0,,https://www.labirint.ru/books/907256/
,Твоё имя. Том 3 : Макото Синкай,601.0,,https://www.labirint.ru/books/907268/
,Странные дела. Том 2 : Усио Сиротори,601.0,,https://www.labirint.ru/books/907265/
,Обещанная страна грёз. Книга 2 : Каиу Сираи,948.0,,https://www.labirint.ru/books/907263/
,Невеста чародея. Том 14 : Корэ Ямадзаки,601.0,,https://www.labirint.ru/books/907262/
,Re:Zero. Жизнь с нуля в альтернативном мире. Неделя в особняке. Том 3 : Таппэй Нагацуки,656.0,,https://www.labirint.ru/books/907255/
,Убийца гоблинов. Том 3 : Кумо Кагю,656.0,,https://www.labirint.ru/books/907246/
,Убийца гоблинов. Том 2 : Кумо Кагю,656.0,,https://www.labirint.ru/books/907245/
,Истребитель демонов. Том 6. На суде у столпов : Готогэ Коёхару,601.0,,https://www.labirint.ru/books/907240/
,Истребитель демонов. Том 5. В ад : Готогэ Коёхару,601.0,,https://www.labirint.ru/books/907239/
,Новый век. Евангелион. Книга 2 : Ёсиюки Садамото,1454.0,,https://www.labirint.ru/books/907237/
,Токийские Мстители. Том 3 : Кэн Вакуи,929.0,,https://www.labirint.ru/books/906689/
,Поросенок-Мышь. Один на машине : Илья Носоченко,605.0,,https://www.labirint.ru/books/910913/
,Нечто убивает детей : IV Тайнион,1344.0,,https://www.labirint.ru/books/910912/
,Смеющийся вампир. Том 1 : Суэхиро Маруо,1009.0,,https://www.labirint.ru/books/907522/
,Жизнь бродячего кота. Том 3 : Гин Сиракава,429.0,,https://www.labirint.ru/books/907519/
,Жизнь бродячего кота. Том 2 : Гин Сиракава,404.0,,https://www.labirint.ru/books/907518/
,Время кормления : Куроноскэ Сирота,404.0,,https://www.labirint.ru/books/907516/
,Нелюдь. Том 12 : Сакураи Гамон,500.0,,https://www.labirint.ru/books/911164/
,Госпожа Кагуя. В любви как на войне. Любовная битва двух гениев. Книга 3 : Ака Акасака,982.0,,https://www.labirint.ru/books/913069/
,Бригада пылающего пламени. Том 3 : Окубо Ацуси,771.0,,https://www.labirint.ru/books/915840/
,Я — Авейра : Chaki Chaki,919.0,,https://www.labirint.ru/books/881484/
,"Поколения Pokemon. Как создавалась игровая сага, подарившая нам Пикачу : Аддаден, Лассина-Фубер",1192.0,,https://www.labirint.ru/books/893804/
,Основатель Тёмного Пути. Маньхуа. Том 3 : Мосян Тунсю,1192.0,,https://www.labirint.ru/books/908563/
,Графиня Кроули. Охотница на монстров поневоле : Дэвид Дастмалчян,605.0,,https://www.labirint.ru/books/921067/
,Нечто убивает детей : IV Тайнион,1976.0,,https://www.labirint.ru/books/921066/
,Хуликомикс. Выпуск 1 : Алексей Марков,209.0,,https://www.labirint.ru/books/921065/
,Ядерная зима. Том 2 : Каб,672.0,,https://www.labirint.ru/books/921064/
,Ядерная зима. Том 3 : Каб,672.0,,https://www.labirint.ru/books/921063/
,Ник Фьюри. Операции под прикрытием : Джеймс Робинсон,718.0,,https://www.labirint.ru/books/921377/
,"Ночь принцессы Урико, утро Золушки : Дайдзиро Морохоси",479.0,,https://www.labirint.ru/books/918168/
,Горный кайдан : Дзюмпэй Адзуми,580.0,,https://www.labirint.ru/books/918167/
,Своя Атлантида : Ольга Лаврентьева,1519.0,,https://www.labirint.ru/books/921887/
,Спасти Емельяна Пугачева. Том 4 : Денис Червяков,2662.0,,https://www.labirint.ru/books/922802/
,Новый век. Евангелион. Книга 5 : Ёсиюки Садамото,1454.0,,https://www.labirint.ru/books/922956/
,Mars Red. Красный марс. Том 2 : Бунъо Фудзисава,656.0,,https://www.labirint.ru/books/922953/
,Mars Red. Красный марс. Том 1 : Бунъо Фудзисава,656.0,,https://www.labirint.ru/books/922952/
,"Евангелион АНИМА. Том 1 : Ямасита, Касихара, Хара",891.0,,https://www.labirint.ru/books/922949/
,Так сложно любить отаку. Том 7 : Фудзита,656.0,,https://www.labirint.ru/books/922964/
,Дюрарара!! Том 1 : Рёго Нарита,933.0,,https://www.labirint.ru/books/922963/
,Такса Клякса. Вика идет в детский сад : Инна Цесарь,487.0,,https://www.labirint.ru/books/924279/
,Ведьмак. История создания. От фэнтези до культовой игровой франшизы : Рафаэль Люка,777.0,,https://www.labirint.ru/books/907868/
,"Гиблиотека. Иллюстрированный гид по работам величайшей анимационной студии : Лидер, Каннингем",1554.0,,https://www.labirint.ru/books/915207/
,Холодное сердце. Большая коллекция комиксов,990.0,,https://www.labirint.ru/books/924458/
,Графиня Кроули. Охотница на монстров поневоле : Дэвид Дастмалчян,616.0,,https://www.labirint.ru/books/930058/
,Дуальный пастор : Давид Пириянц,192.0,,https://www.labirint.ru/books/930056/
,"Сакрифацио : Бергман, Максименко",672.0,,https://www.labirint.ru/books/930052/
,"Частный детектив : Вон, Мартин, Висенте",1398.0,,https://www.labirint.ru/books/875229/
,Судьба/Истоки. Том 3 : Гэн Уробути,516.0,,https://www.labirint.ru/books/915463/
,"Блокнот Mortal Kombat. Scorpion, 80 листов, линия, А5",741.0,,https://www.labirint.ru/office/932987/
,Король шаманов. Том 6 : Хироюки Такэи,851.0,,https://www.labirint.ru/books/927329/
,Токийские мстители. Том 6 : Кэн Вакуи,929.0,,https://www.labirint.ru/books/932663/
,Токийские мстители. Том 5 : Кэн Вакуи,929.0,,https://www.labirint.ru/books/932662/
,Нелюдь. Том 13 : Сакураи Гамон,500.0,,https://www.labirint.ru/books/915462/
,Хвост Феи. Том 18 : Масима Хиро,500.0,,https://www.labirint.ru/books/915461/
,Проза бродячих псов. Том 11 : Кафка Асагири,851.0,,https://www.labirint.ru/books/935326/
,Да благословят боги этот прекрасный мир! Том 3 : Нацумэ Акацуки,851.0,,https://www.labirint.ru/books/935325/
,Основатель Тёмного Пути. Маньхуа. Том 4 : Мосян Тунсю,1192.0,,https://www.labirint.ru/books/936206/
,Древние Комиксы. Спирит : Уилл Айснер,238.0,,https://www.labirint.ru/books/936667/
,Древние Комиксы. Капитан Чудо : К. Бек,238.0,,https://www.labirint.ru/books/936665/
,Под одной крышей в Токио. Том 1 : Мотоко Такахаси,404.0,,https://www.labirint.ru/books/934666/
,Девочка из ада : Хидеши Хино,580.0,,https://www.labirint.ru/books/934662/
,Огненный удар. Книга 1 : Тацуки Фудзимото,982.0,,https://www.labirint.ru/books/937237/
,Мир. Том 4. Тебя слышит враг (2023) : Алексей Волков,347.0,,https://www.labirint.ru/books/936981/
,Психопаспорт. Инспектор Синъя Когами. Том 2 : Мидори Гото,656.0,,https://www.labirint.ru/books/937940/
,"Психопаспорт. Инспектор Синъя Когами. Том 1 : Гото, Уробути, ПК",656.0,,https://www.labirint.ru/books/937939/
,Убийца гоблинов. Том 4 : Кумо Кагю,656.0,,https://www.labirint.ru/books/937945/
,Мемуары Ванитаса. Том 7 : Дзюн Мотидзуки,656.0,,https://www.labirint.ru/books/937944/
,Fairy Tail. Хвост Феи. Том 20 : Масима Хиро,500.0,,https://www.labirint.ru/books/936616/
,Мистер Морти. Мрак улиц : Виталий Сергиенко,616.0,,https://www.labirint.ru/books/931403/
,Вий : Давид Пириянц,192.0,,https://www.labirint.ru/books/938732/
,Записки о лечении волшебных зверей. Том 4 : Кадзия,601.0,,https://www.labirint.ru/books/878174/
,Записки о лечении волшебных зверей. Том 3 : Кадзия,601.0,,https://www.labirint.ru/books/878173/
,Твоя апрельская ложь. Том 1 : Наоси Аракава,601.0,,https://www.labirint.ru/books/878236/
,"Скунс и оцелот. Том 2 : Хатчетт, Куликовских",601.0,,https://www.labirint.ru/books/878227/
,Дракорничная госпожи Кобаяси. Том 6 : Кул Кёсинндзя,656.0,,https://www.labirint.ru/books/878170/
,Дракорничная госпожи Кобаяси. Том 5 : Кул Кёсинндзя,656.0,,https://www.labirint.ru/books/878169/
,Дракорничная госпожи Кобаяси. Том 4 : Кул Кёсинндзя,656.0,,https://www.labirint.ru/books/878168/
,Дракон в поисках дома. Том 2 : Каво Тануки,601.0,,https://www.labirint.ru/books/878164/
,Девочка из Чужеземья. Том 8 : Нагабэ,601.0,,https://www.labirint.ru/books/878156/
,Девочка из Чужеземья. Том 3 : Нагабэ,601.0,,https://www.labirint.ru/books/878151/
,"Город, в котором меня нет. Том 7 : Кэи Самбэ",601.0,,https://www.labirint.ru/books/878145/
,Бладхаунд. Гостевой клуб полуночных любовников : Каори Юки,601.0,,https://www.labirint.ru/books/878115/
,Блаблабла. Том 4 : Акико Хигасимура,601.0,,https://www.labirint.ru/books/878113/
,Re: Zero. Жизнь с нуля в альтернативном мире. День в столице королевства. Том 2 : Таппэй Нагацуки,601.0,,https://www.labirint.ru/books/878093/
,Re: Zero. Жизнь с нуля в альтернативном мире. День в столице королевства. Том 1 : Таппэй Нагацуки,601.0,,https://www.labirint.ru/books/878092/
,Orange. Том 1 : Итиго Такано,601.0,,https://www.labirint.ru/books/878087/
,Гостья М. Том 4 : Кэн Кояма,832.0,,https://www.labirint.ru/books/876409/
,"Война миров. Том 3 : Уэллс, Ихара",429.0,,https://www.labirint.ru/books/876406/
,Бдительный Эгути-кун. Том 4 : Юкико Нодзава,328.0,,https://www.labirint.ru/books/876405/
,Фантомная зона : Дзюндзи Ито,731.0,,https://www.labirint.ru/books/878721/
,"Дюна. Дом Атрейдесов. Том 1 : Гилберт, Андерсон",1376.0,,https://www.labirint.ru/books/881675/
,"Очень приятно, бог. Том 1 : Джульетта Судзуки",539.0,,https://www.labirint.ru/books/657383/
,Бездомный бог. Том 20 : Адатитока,539.0,,https://www.labirint.ru/books/873441/
,"Восхождение Героя Щита. Том 18 : Кю, Юсаги",500.0,,https://www.labirint.ru/books/880049/
,Король шаманов. Том 4 : Хироюки Такэи,851.0,,https://www.labirint.ru/books/881580/
,"Лериана, невеста герцога по контракту. Том 1 : Мильчха",1082.0,,https://www.labirint.ru/books/877921/
,Это не любовь. Как я спаслась от манипулятора : Софи Лямбда,1156.0,,https://www.labirint.ru/books/879237/
,Кошечка Бэкки : Анна Белышева,672.0,,https://www.labirint.ru/books/882625/
,Я убью её. Обновленное издание : Адель Громова,672.0,,https://www.labirint.ru/books/882624/
,Sonic. Плохие парни. Комикс (перевод от Diamond Dust) : Йэн Флинн,653.0,,https://www.labirint.ru/books/871477/
,Наклейки Читающие котики,194.0,,https://www.labirint.ru/books/893038/
,Наклейки Призраки,216.0,,https://www.labirint.ru/books/893037/
,Наклейки Хэллоуин,216.0,,https://www.labirint.ru/books/893031/
,"Кольцо Тьмы. Эльфийский клинок. Том 1 : Перумов, Старостин",928.0,,https://www.labirint.ru/books/893598/
,Маяковский. Как делать стихи : Александр Кондратьев,605.0,,https://www.labirint.ru/books/893597/
,"Фейгин - Еврей. Мир ""Приключений Оливера Твиста"" : Уилл Айснер",1264.0,,https://www.labirint.ru/books/893596/
,"Фанатка. Том 1 : Рауэлл, Maggs",853.0,,https://www.labirint.ru/books/894108/
,Мегалекс : Алехандро Ходоровски,1554.0,,https://www.labirint.ru/books/870699/
,Только ты возвращайся. Обновленное издание : Лампочка Зеленая,585.0,,https://www.labirint.ru/books/895631/
,"Блокнот охотника на демонов 80 листов, А5, в точку",510.0,,https://www.labirint.ru/office/900465/
,Бригада пылающего пламени. Том 2 : Окубо Ацуси,771.0,,https://www.labirint.ru/books/900591/
,"У меня мало друзей. Том 6 : Итати, Хирасака",477.0,,https://www.labirint.ru/books/537385/
,Токийские Мстители. Том 2 : Кэн Вакуи,929.0,,https://www.labirint.ru/books/896445/
,Токийские Мстители. Том 1 : Кэн Вакуи,929.0,,https://www.labirint.ru/books/896444/
,"Метро 2033. Часть 3, 4 : Дмитрий Глуховский",1082.0,,https://www.labirint.ru/books/893393/
,Кладоискатели : Роман Шевердин,269.0,,https://www.labirint.ru/books/900624/
,Бич : Александр Ильинов,269.0,,https://www.labirint.ru/books/900623/
,Мерцание моря : Одзи Судзуки,706.0,,https://www.labirint.ru/books/900456/
,Жизнь бродячего кота. Том 1 : Гин Сиракава,429.0,,https://www.labirint.ru/books/900453/
,Девушка-голем и чудики из кабинета естествознания : Нарико Эномото,454.0,,https://www.labirint.ru/books/900451/
,Сказки Старой Руси. Наброски. II : Роман Папсуев,1909.0,,https://www.labirint.ru/books/903724/
,Храм на границе. Том 1. Евангелие Ариатии. Гильдия убийц : Жан-Люк Истэн,1191.0,,https://www.labirint.ru/books/906245/
,Берсерк. Том 5 : Кэнтаро Миура,1241.0,,https://www.labirint.ru/books/875228/
,Король шаманов. Том 5 : Хироюки Такэи,851.0,,https://www.labirint.ru/books/906686/
,"Магия вернувшегося должна быть особенной. Том 1 : Ук, Ю",919.0,,https://www.labirint.ru/books/872438/
,Тетрадь дружбы Нацумэ. Том 6 : Юки Мидорикава,695.0,,https://www.labirint.ru/books/906688/
,Тетрадь дружбы Нацумэ. Том 5 : Юки Мидорикава,695.0,,https://www.labirint.ru/books/906687/
,Токийские мстители. Том 4 : Кэн Вакуи,929.0,,https://www.labirint.ru/books/906690/
,Overlord. Том 4. Герои людоящеров : Куганэ Маруяма,1017.0,,https://www.labirint.ru/books/907247/
,Счастливого Конца Света #1. Брешь в реальности : Зиненко Братья,192.0,,https://www.labirint.ru/books/938731/
,Нелюдь. Том 16 : Сакураи Гамон,500.0,,https://www.labirint.ru/books/940100/
,Нелюдь. Том 15 : Сакураи Гамон,500.0,,https://www.labirint.ru/books/940099/
,Нелюдь. Том 14 : Сакураи Гамон,500.0,,https://www.labirint.ru/books/940098/
,Истории о монстрах. Том 1 : Исин Нисио,742.0,,https://www.labirint.ru/books/940097/
,Маша и Медведь. Каждый месяц - Чудеса! : Михаил Заславский,392.0,,https://www.labirint.ru/books/938611/
,Несокрушимые. Том 1 : Тумэн Шагжаев,392.0,,https://www.labirint.ru/books/938738/
,Древние Комиксы. Кошмар : Алан Хьюитсон,238.0,,https://www.labirint.ru/books/938735/
,Древние Комиксы. Зло Франкенштейна : Том Саттон,238.0,,https://www.labirint.ru/books/938734/
,Чудовищные трансформации : Хидеши Хино,605.0,,https://www.labirint.ru/books/937935/
,Утренняя выпечка для Момо-тян. Том 1 : Сая Усато,404.0,,https://www.labirint.ru/books/937934/
,Под одной крышей в Токио. Том 2 : Мотоко Такахаси,429.0,,https://www.labirint.ru/books/937933/
,Панорама ада : Хидеши Хино,731.0,,https://www.labirint.ru/books/937931/
,Когда придет автобус : Мидзу Сахара,429.0,,https://www.labirint.ru/books/937930/
,"W.I.T.C.H. Часть 3. Кризис двух миров. Том 1 : Ньоне, Артибани, Конти",1376.0,,https://www.labirint.ru/books/940572/
,"Хуликомиксы. Сезон 1 : Марков, Belgrano82, Сербин",150.0,,https://www.labirint.ru/books/942019/
,Глубина : Екатерина Волжина,552.0,,https://www.labirint.ru/books/871232/
,Бесковидница. Хроники бреда : Илона Почхуа,262.0,,https://www.labirint.ru/books/871231/
,Картон : Дуг Тен-Нэйпел,921.0,,https://www.labirint.ru/books/871228/
,Тлетворный дух. Рисунки Лорен Маркс,1257.0,,https://www.labirint.ru/books/871227/
,Сенсор : Дзюндзи Ито,731.0,,https://www.labirint.ru/books/870402/
,Амулет. Облачный город : Кадзу Кибуиси,1428.0,,https://www.labirint.ru/books/870413/
,#ГОРЕМАТЬ. Семейные истории в картинках : Мария Горбунова,639.0,,https://www.labirint.ru/books/775742/
,Привратники. Том 1 : Габи,988.0,,https://www.labirint.ru/books/872816/
,Духополис : Дуг Тен-Нэйпел,1069.0,,https://www.labirint.ru/books/872814/
,Илья Муромец. Песнь Соловья : Роман Шевердин,1257.0,,https://www.labirint.ru/books/874704/
,Множество смертей Лейлы Старр : Ви Рам,585.0,,https://www.labirint.ru/books/874703/
,Берсерк. На воле : Джефф Лемир,921.0,,https://www.labirint.ru/books/874701/
,Академия Стрэнджа. Первый семестр : Скотти Янг,1425.0,,https://www.labirint.ru/books/874699/
,"Защитники : Юинг, Родригез",585.0,,https://www.labirint.ru/books/874696/
,"Защитники : Юинг, Родригез",921.0,,https://www.labirint.ru/books/874694/
,Бездомный бог. Том 17 : Адатитока,539.0,,https://www.labirint.ru/books/872701/
,Король шаманов. Том 2 : Хироюки Такэи,851.0,,https://www.labirint.ru/books/871769/
,Проза бродячих псов. Том 8 : Кафка Асагири,851.0,,https://www.labirint.ru/books/871706/
,Проза бродячих псов. Том 7 : Кафка Асагири,851.0,,https://www.labirint.ru/books/871705/
,История о ранах : Исин Нисио,875.0,,https://www.labirint.ru/books/871704/
,"Восхождение Героя Щита. Том 17 : Кю, Юсаги",500.0,,https://www.labirint.ru/books/874481/
,Воскресение Рэйчел. Том 3 : Терри Мур,851.0,,https://www.labirint.ru/books/874480/
,Бездомный бог. Том 19 : Адатитока,539.0,,https://www.labirint.ru/books/873440/
,Бездомный бог. Том 18 : Адатитока,539.0,,https://www.labirint.ru/books/873439/
,Грустные факты о животных : Брук Баркер,630.0,,https://www.labirint.ru/books/653233/
,Да благословят боги этот прекрасный мир! Том 2 : Нацумэ Акацуки,851.0,,https://www.labirint.ru/books/875467/
,Король шаманов. Том 3 : Хироюки Такэи,851.0,,https://www.labirint.ru/books/871770/
,Звёздные войны. Траун. Доминация. Меньшее зло : Тимоти Зан,676.0,,https://www.labirint.ru/books/876590/
,Диптих : Алексей Трошин,1257.0,,https://www.labirint.ru/books/878555/
,Конан. Змеиная война : Джим Заб,585.0,,https://www.labirint.ru/books/878553/
,"Политика. То, о чем взрослые тебе не рассказывают : Богусь Янишевски",1990.0,,https://www.labirint.ru/books/878654/
,Убийца Гоблинов. Том 4 : Кумо Кагю,891.0,,https://www.labirint.ru/books/878067/
,Убийца Гоблинов. Том 2 : Кумо Кагю,891.0,,https://www.labirint.ru/books/878065/
,Убийца Гоблинов. Том 1 : Кумо Кагю,891.0,,https://www.labirint.ru/books/878064/
,Spy х Family. Семья шпиона. Том 3 : Тацуя Эндо,601.0,,https://www.labirint.ru/books/878026/
,Re: Zero. Жизнь с нуля в альтернативном мире. Неделя в особняке. Том 1 : Таппэй Нагацуки,656.0,,https://www.labirint.ru/books/878094/
,Девочка из Чужеземья. Том 11 : Нагабэ,601.0,,https://www.labirint.ru/books/878159/
,Девочка из Чужеземья. Том 9 : Нагабэ,601.0,,https://www.labirint.ru/books/878157/
,Записки о лечении волшебных зверей. Том 2 : Кадзия,601.0,,https://www.labirint.ru/books/878172/
,Так сложно любить отаку. Том 5 : Фудзита,656.0,,https://www.labirint.ru/books/878233/
,Странные дела. Том 1 : Усио Сиротори,601.0,,https://www.labirint.ru/books/878228/
,Твоя апрельская ложь. Том 3 : Наоси Аракава,601.0,,https://www.labirint.ru/books/878238/
,Твоя апрельская ложь. Том 2 : Наоси Аракава,601.0,,https://www.labirint.ru/books/878237/
,"Шерлок. Слепой банкир : Моффат, Гэтисс",601.0,,https://www.labirint.ru/books/878248/
,Гарри Поттер. Фан-квиз по волшебной вселенной,653.0,,https://www.labirint.ru/books/876450/
,"Шерлок. Этюд в розовых тонах : Моффат, Гэтисс",601.0,,https://www.labirint.ru/books/878247/
,Питер Грилл и семя рационального мышления. Книга 2 : Дайскэ Хияма,1017.0,,https://www.labirint.ru/books/878220/
,"Шерлок. Большая игра : Моффат, Гэтисс",601.0,,https://www.labirint.ru/books/878249/
,"Назад нельзя. Том 2. Рог Изобилия. Энергия Глубин : Нечитайло, Тараканбикс",1038.0,,https://www.labirint.ru/books/880023/
,Выбор : Игорь Гладков,404.0,,https://www.labirint.ru/books/878556/
,"Связь. Сказка, рассказанная шепотом : Ольга Тамкович",504.0,,https://www.labirint.ru/books/879578/
,Бесстрашные Защитницы. Том 2. Самый сногсшибательный боевой отряд : Каллен Банн,504.0,,https://www.labirint.ru/books/879575/
,"Вытегра - корабельная сторона. Дневник путешествий по России в рисунках : Леднёва, Леднев",104.0,,https://www.labirint.ru/books/879565/
,Оранж лайф. Том 2 : Дмитрий Дубровин,601.0,,https://www.labirint.ru/books/878217/
,Оранж лайф. Том 1 : Дмитрий Дубровин,601.0,,https://www.labirint.ru/books/878216/
,Неваляшка. Том 2 : Айдзи Ямакава,601.0,,https://www.labirint.ru/books/878197/
,Неваляшка. Том 1 : Айдзи Ямакава,601.0,,https://www.labirint.ru/books/878196/
,"Летние войны. Том 3 : Хосода, Сугимото",601.0,,https://www.labirint.ru/books/878189/
,Летние войны. Том 2 : Мамору Хосода,601.0,,https://www.labirint.ru/books/878188/
,Летние войны. Том 1 : Мамору Хосода,601.0,,https://www.labirint.ru/books/878187/
,"Bubble Гам. Альманах № 2 : Волков, Замский, Горбут",231.0,,https://www.labirint.ru/books/941732/
,Магмелл синего моря. Том 1 : Няньмяо Ди,616.0,,https://www.labirint.ru/books/938733/
,Цереб. Том 1. Трубкозуб : Дэйв Сим,896.0,,https://www.labirint.ru/books/938737/
,Цереб. Том 1. Трубкозуб : Дэйв Сим,672.0,,https://www.labirint.ru/books/938736/
,Огненный удар 2. Книги 3-4 : Тацуки Фудзимото,982.0,,https://www.labirint.ru/books/941206/
,Каратель Max. Омнибус : Джейсон Аарон,2912.0,,https://www.labirint.ru/books/946056/
,"Очень приятно, бог. Том 4 : Джульетта Судзуки",539.0,,https://www.labirint.ru/books/676443/
,GUNNM. Оружие мечты. Том 9 : Юкито Кисиро,524.0,,https://www.labirint.ru/books/915456/
,Наклейки Щепотка красок,162.0,,https://www.labirint.ru/books/945740/
,Набор стикеров На весь год,1099.0,,https://www.labirint.ru/souvenir/946016/
,Набор стикеров Про любовь,348.0,,https://www.labirint.ru/souvenir/946008/
,Набор стикеров Девушки,676.0,,https://www.labirint.ru/souvenir/946005/
,Звёздные войны. Расцвет Республики. Начало шторма : Кэван Скотт,611.0,,https://www.labirint.ru/books/850810/
,"О моём перерождении в слизь. Том 6 : Фусэ, Каваками",771.0,,https://www.labirint.ru/books/853407/
,Ключи Локков. Том 6. Альфа и Омега : Джо Хилл,1091.0,,https://www.labirint.ru/books/745656/
,"О моём перерождении в слизь. Том 5 : Фусэ, Каваками, Миц",771.0,,https://www.labirint.ru/books/852215/
,Ложные выводы. Том 4 : Кё Сиродайра,771.0,,https://www.labirint.ru/books/852214/
,Harry Potter. Мастерская Магии Гарри Поттера. Официальная книга творческих проектов,4399.0,,https://www.labirint.ru/books/848914/
,Без игры жизни нет. Том 6 : Камия Ю,539.0,,https://www.labirint.ru/books/751355/
,Без игры жизни нет. Том 5 : Камия Ю,539.0,,https://www.labirint.ru/books/732021/
,Судьба. Истоки. Том 2 : Гэн Уробути,516.0,,https://www.labirint.ru/books/852229/
,"Истории монстров. Том 7 : Нисио, Огурэ",539.0,,https://www.labirint.ru/books/851421/
,"Восхождение Героя Щита. Том 14 : Кю, Юсаги",500.0,,https://www.labirint.ru/books/851420/
,GUNNM. Том 7 : Юкито Кисиро,524.0,,https://www.labirint.ru/books/851419/
,Воксрекордер инженера Термена : Михаил Визель,539.0,,https://www.labirint.ru/books/857007/
,"Прощайте, Горе-Учитель. Том 1 : Кодзи Кумэта",1091.0,,https://www.labirint.ru/books/851548/
,"Восхождение Героя Щита. Том 15 : Кю, Юсаги",500.0,,https://www.labirint.ru/books/857069/
,Beastars. Выдающиеся звери. Том 5 : Пару Итагаки,853.0,,https://www.labirint.ru/books/851540/
,Сино-тян не может сказать свое имя : Осими Сюдзо,404.0,,https://www.labirint.ru/books/814547/
,Эмма Г. Уайлдфорд : Бенуа Друси,1110.0,,https://www.labirint.ru/books/811995/
,Игра настольная. Гравити Фолз,686.0,,https://www.labirint.ru/games/827412/
,"У меня мало друзей. Том 18 : Итати, Хирасака",477.0,,https://www.labirint.ru/books/826646/
,"Рассвет близок. И другие истории, нарисованные Уоллесом Вудом : Фелдстайн, Гаррисон, Фокс",1626.0,,https://www.labirint.ru/books/824087/
,Врата Штейна 0. Том 6 : Така Химэно,500.0,,https://www.labirint.ru/books/827991/
,Врата Штейна 0. Том 4 : Така Химэно,500.0,,https://www.labirint.ru/books/827989/
,Гравити Фолз. Энциклопедия фаната,653.0,,https://www.labirint.ru/books/828093/
,Проза бродячих псов. Том 3 : Кафка Асагири,851.0,,https://www.labirint.ru/books/829360/
,Маленькая неугомонная Астрид : Фабрис Парм,978.0,,https://www.labirint.ru/books/821026/
,"Железный Человек. Демон в бутылке. Золотая коллекция Marvel : Микелайни, Лейтон",1465.0,,https://www.labirint.ru/books/830763/
,Петля #1 : Денис Оптимисстер,180.0,,https://www.labirint.ru/books/830402/
,"Байки с Рылеева, 73 : Оптимисстер, Мокиенко, Гик",1330.0,,https://www.labirint.ru/books/830394/
,"Хеллбой. Том 11. Адская невеста и другие истории : Миньола, Ноулан, Корбен",773.0,,https://www.labirint.ru/books/830965/
,Хеллбой. Том 9. Дикая охота : Майк Миньола,773.0,,https://www.labirint.ru/books/830963/
,"Гидеон Фолз. Том 2. Первородные грехи : Стюарт, Лемир, Соррентино",653.0,,https://www.labirint.ru/books/831325/
,"Боги, герои и Ко. Мифы и легенды Древней Греции : Джеймс Дэвис",1401.0,,https://www.labirint.ru/books/814961/
,"Джейн, лиса и я : Фанни Бритт",1486.0,,https://www.labirint.ru/books/496594/
,Тетрадь дружбы Нацумэ. Том 3 : Юки Мидорикава,609.0,,https://www.labirint.ru/books/834754/
,Игра в цифры. Как аналитика позволяет видеоиграм жить лучше : Василий Сабиров,1554.0,,https://www.labirint.ru/books/834902/
,Вселенная MARVEL глазами Хэмбека : Фред Хэмбек,887.0,,https://www.labirint.ru/books/836365/
,Потерянные сигналы. Тайная история фантастики : Дезирина Боскович,2265.0,,https://www.labirint.ru/books/827506/
,The Boys. Пацаны. Том 7. Невинные : Гарт Эннис,901.0,,https://www.labirint.ru/books/830133/
,Мэрилин Монро. Графический роман : Мария Хессе,901.0,,https://www.labirint.ru/books/837148/
,Сверхъестественное. Дети Анубиса : Тим Ваггонер,547.0,,https://www.labirint.ru/books/837276/
,"Смертоносное кунг-фу. Из прошлого : Бенсон, Клэрмонт, Конуэй",593.0,,https://www.labirint.ru/books/837602/
,"Нелюдь. Том 1 : Гамон, Миура",500.0,,https://www.labirint.ru/books/614109/
,"У меня мало друзей. Том 19 : Итати, Хирасака",477.0,,https://www.labirint.ru/books/837923/
,Семь смертных грехов. Том 7 : Судзуки Накаба,687.0,,https://www.labirint.ru/books/837646/
,Семь смертных грехов. Том 6 : Судзуки Накаба,687.0,,https://www.labirint.ru/books/837645/
,Эмбрион мира. Том 13 : Дайскэ Морияма,429.0,,https://www.labirint.ru/books/835903/
,Странная жизнь Субару. Том 4 : Нацуко Такахаси,404.0,,https://www.labirint.ru/books/835901/
,"Кей : Танигути, Тосаки",656.0,,https://www.labirint.ru/books/835899/
,Japansoft. История японской игровой индустрии,1745.0,,https://www.labirint.ru/books/839011/
,"Азимут. Охотники за утраченным временем. Смерть красавице : Андрэ, Люпано",1121.0,,https://www.labirint.ru/books/840412/
,Необъятный океан. Том 4 : Иноуэ Кэндзи,771.0,,https://www.labirint.ru/books/840411/
,Sanaторий : Анна Домини,770.0,,https://www.labirint.ru/books/840812/
,«Вечные» Нила Геймана. Полное издание : Нил Гейман,1239.0,,https://www.labirint.ru/books/832944/
,"Девочка, которая любила макарони и прожила тысячу лет : Каратэ",539.0,,https://www.labirint.ru/books/589953/
,Проза бродячих псов. Том 5 : Кафка Асагири,851.0,,https://www.labirint.ru/books/840954/
,Проза бродячих псов. Том 4 : Кафка Асагири,851.0,,https://www.labirint.ru/books/840953/
,Истории монстров. Том 5 : Исин Нисио,539.0,,https://www.labirint.ru/books/840952/
,"Спаун. Том 4 : МакФарлейн, Симмонс",1210.0,,https://www.labirint.ru/books/841150/
,Дневник будущего. Мозаика : Эсуно Сакаэ,479.0,,https://www.labirint.ru/books/842643/
,BECK. Восточная Ударная Группа. Книга 2 : Харольд Сакуиси,1287.0,,https://www.labirint.ru/books/835685/
,Разработка игр и теория развлечений : Рэф Костер,1824.0,,https://www.labirint.ru/books/843721/
,Тетрадь дружбы Нацумэ. Том 4 : Юки Мидорикава,609.0,,https://www.labirint.ru/books/843757/
,"У меня мало друзей. Том 20 : Итати, Хирасака",477.0,,https://www.labirint.ru/books/842470/
,Истории монстров. Том 6 : Исин Нисио,539.0,,https://www.labirint.ru/books/842468/
,"Рыцари ""Сидонии"". Том 1 : Нихэй Цутому",477.0,,https://www.labirint.ru/books/625596/
,«Вечные» Джека Кирби. Полное издание : Джек Кирби,1909.0,,https://www.labirint.ru/books/832943/
,Звёздные войны. Траун. Доминация. Высшее благо : Тимоти Зан,635.0,,https://www.labirint.ru/books/838905/
,Источники. Том 1. Авторский комикс : Софья Ермолаева,268.0,,https://www.labirint.ru/books/849514/
,Король шаманов. Том 1 : Хироюки Такэи,851.0,,https://www.labirint.ru/books/848521/
,Эльф не может похудеть. Том 4 : Синекдоха,278.0,,https://www.labirint.ru/books/845108/
,Тень над Иннсмутом. Том 1 : Говард Лавкрафт,353.0,,https://www.labirint.ru/books/845107/
,Мальчик-кайдан. Том 2. Истории о призраках : Ескэ Такахаси,530.0,,https://www.labirint.ru/books/845104/
,Город надгробий : Дзюндзи Ито,731.0,,https://www.labirint.ru/books/845098/
,"Фронтир. Т.2. Возвращение Баффало : Волков, Кутузов",259.0,,https://www.labirint.ru/books/849958/
,Animal Crossing. Полное руководство : Майкл Дэвис,629.0,,https://www.labirint.ru/books/853023/
,Программирование в Roblox. Сделать игру - проще простого : Зандер Брамбо,1586.0,,https://www.labirint.ru/books/859415/
,"Регулятор Том 1. ""Амброзия"". ""Гестия"". ""Офидия"" : Корберан",1401.0,,https://www.labirint.ru/books/859607/
,Нелюдь. Том 2 : Сакураи Гамон,500.0,,https://www.labirint.ru/books/625595/
,Врата Штейна. Том 1 : Еми Сарати,500.0,,https://www.labirint.ru/books/537245/
,"Истории монстров. Том 8 : Нисио, Огурэ",539.0,,https://www.labirint.ru/books/859182/
,"Восхождение Героя Щита. Том 16 : Кю, Юсаги",500.0,,https://www.labirint.ru/books/859606/
,Бездомный бог. Том 16 : Адатитока,539.0,,https://www.labirint.ru/books/860937/
,Франкенштейн : Дзюндзи Ито,731.0,,https://www.labirint.ru/books/857256/
,Мальчик-кайдан. Том 3. Запутанные истории : Ескэ Такахаси,605.0,,https://www.labirint.ru/books/857254/
,Ария. Том 6 : Кодзуэ Амано,757.0,,https://www.labirint.ru/books/857253/
,Бригада пылающего пламени. Том 1 : Окубо Ацуси,771.0,,https://www.labirint.ru/books/865286/
,Бездомный бог. Том 14 : Адатитока,539.0,,https://www.labirint.ru/books/794277/
,Гарри Поттер. Праздники и пиршества. Официальная книга по мотивам любимой киновселенной : Дженнифер Кэрролл,2709.0,,https://www.labirint.ru/books/860154/
,Самоучитель по футболу от чемпионов мира. Методика сборной Уругвая : Рене Ферраро,894.0,,https://www.labirint.ru/books/868430/
,Бездомный бог. Том 15 : Адатитока,539.0,,https://www.labirint.ru/books/798122/
,Коллекционный бокс. У меня мало друзей. Часть 2. Тома 11-20,368.0,,https://www.labirint.ru/office/865498/
,Призраки : Рейна Телгемайер,763.0,,https://www.labirint.ru/books/786865/
,"Страна Чудес Смертников. Том 10 : Катаока, Кондо",477.0,,https://www.labirint.ru/books/788621/
,Ветеринары в комиксах. Том 3. Парад кошачьих : Франсуа Жильсон,772.0,,https://www.labirint.ru/books/790177/
,Эльф не может похудеть. Том 3 : Синекдоха,379.0,,https://www.labirint.ru/books/788661/
,Война миров. Том 1 : Herbert Wells,303.0,,https://www.labirint.ru/books/788660/
,Джузеппе Бергман. Том 3 : Мило Манара,656.0,,https://www.labirint.ru/books/788659/
,"«Страна чудес смертников». Том 12 : Катаока, Кондо",477.0,,https://www.labirint.ru/books/790689/
,"«Страна чудес смертников». Том 11 : Катаока, Кондо",477.0,,https://www.labirint.ru/books/790688/
,Рыцари «Сидонии». Том 9 : Нихэй Цутому,477.0,,https://www.labirint.ru/books/790687/
,Нелюдь. Том 11 : Сакураи Гамон,500.0,,https://www.labirint.ru/books/790686/
,Краткая история физики : Дэн Лерой,482.0,,https://www.labirint.ru/books/794468/
,Звездный замок. 1869. Покорение космоса. Том 1 : Алекс Алис,1428.0,,https://www.labirint.ru/books/586863/
,"«Страна чудес смертников». Том 13 : Катаока, Кондо",477.0,,https://www.labirint.ru/books/793911/
,Сага. Делюкс-издание. Том 2 : Брайан Вон,1757.0,,https://www.labirint.ru/books/793910/
,Мастер на все руки. Международный политический триллер : Эйвинд Турсетер,1106.0,,https://www.labirint.ru/books/796050/
,Занимательное электрооборудование. Манга : Хирокадзу Игараси,913.0,,https://www.labirint.ru/books/799450/
,Без игры жизни нет. Том 3 : Камия Ю,539.0,,https://www.labirint.ru/books/647685/
,Без игры жизни нет. Том 2. Два геймера положили глаз на страну зверодевочек : Камия Ю,539.0,,https://www.labirint.ru/books/630363/
,"Проза бродячих псов. Том 1 : Асагири, Харукава",851.0,,https://www.labirint.ru/books/799531/
,Джузеппе Бергман. Том 4. Мифологические приключения : Мило Манара,857.0,,https://www.labirint.ru/books/799515/
,Джессика Джонс. Пульс. Полное издание : Брайан Бендис,1554.0,,https://www.labirint.ru/books/789624/
,История Nintendo. 1989-1999. Книга 4. Game Boy : Флоран Горж,1107.0,,https://www.labirint.ru/books/801679/
,Такса Клякса. Приключения каждый день : Инна Цесарь,487.0,,https://www.labirint.ru/books/794017/
,Хвост Феи. Том 13 : Масима Хиро,500.0,,https://www.labirint.ru/books/802376/
,Дно. Том 3 : Рик Ремендер,539.0,,https://www.labirint.ru/books/804254/
,Драконья сага. Потерянная принцесса. Графический роман : Туи Сазерленд,1082.0,,https://www.labirint.ru/books/805502/
,"Культ LEGO. История LEGO в людях и кубиках : Бейчтэл, Мено",2443.0,,https://www.labirint.ru/books/798095/
,Assassin's Creed. Меч Шао Цзюнь. Том 1 : Минодзи Курата,588.0,,https://www.labirint.ru/books/802690/
,The Boys. Пацаны. Том 6. Общество самосохранения : Гарт Эннис,901.0,,https://www.labirint.ru/books/796925/
,Хвост Феи. Том 14 : Масима Хиро,500.0,,https://www.labirint.ru/books/806737/
,Эльма. Тайное пророчество : Ингрид Шаббер,1254.0,,https://www.labirint.ru/books/802877/
,Minecraft Dungeons. Неофициальное руководство по подземному миру : Том Филлипс,611.0,,https://www.labirint.ru/books/806238/
,Улыбка : Рейна Телгемайер,935.0,,https://www.labirint.ru/books/810365/
,Могучий Тор. Смерть Могучего Тора : Джейсон Аарон,841.0,,https://www.labirint.ru/books/809381/
,Встречайте. Скруллы! : Робби Томпсон,552.0,,https://www.labirint.ru/books/809812/
,"Восхождение героя Щита. Том 4 : Кю, Юсаги",500.0,,https://www.labirint.ru/books/551612/
,Нелюдь. Том 3 : Сакураи Гамон,500.0,,https://www.labirint.ru/books/630362/
,"Ты сияешь лунной ночью. Том 1 : Мацусэ, Сано",477.0,,https://www.labirint.ru/books/740353/
,Ты сияешь лунной ночью : Тэцуя Сано,524.0,,https://www.labirint.ru/books/811327/
,"Судья Дредд. Андерсон, пси-подразделение : Мэтт Смит",368.0,,https://www.labirint.ru/books/812247/
,Акира. Том 2 : Кацухиро Отомо,1398.0,,https://www.labirint.ru/books/813325/
,Россия 2050. Утопии и прогнозы,1051.0,,https://www.labirint.ru/books/814812/
,Эмбрион мира. Том 12 : Дайскэ Морияма,429.0,,https://www.labirint.ru/books/811729/
,Кофейный дневник : Тамито Аихара,429.0,,https://www.labirint.ru/books/811727/
,Дёшево и сердито. Том 3. Выход на перрон : Мария Протас,1038.0,,https://www.labirint.ru/books/811891/
,"Очень приятно, бог. Том 6 : Джульетта Судзуки",539.0,,https://www.labirint.ru/books/691338/
,Хвост Феи. Том 15 : Масима Хиро,500.0,,https://www.labirint.ru/books/817745/
,"Восхождение героя Щита. Том 7 : Кю, Юсаги",500.0,,https://www.labirint.ru/books/625641/
,"Восхождение Героя Щита. Том 6 : Кю, Юсаги",500.0,,https://www.labirint.ru/books/566931/
,"Восхождение Героя Щита. Том 5 : Кю, Юсаги",500.0,,https://www.labirint.ru/books/563455/
,Хвост Феи. Том 3 : Масима Хиро,500.0,,https://www.labirint.ru/books/700893/
,Страна Чудес Смертников. Том 1 : Дзинсэй Катаока,477.0,,https://www.labirint.ru/books/691345/
,"Назад нельзя : Нечитайло, Тараканбикс",990.0,,https://www.labirint.ru/books/816139/
,Громада : Кирилл Кутузов,424.0,,https://www.labirint.ru/books/819356/
,Берсерк. Том 1 : Кэнтаро Миура,1241.0,,https://www.labirint.ru/books/747735/
,Берсерк. Том 2 : Кэнтаро Миура,1241.0,,https://www.labirint.ru/books/763931/
,"О моём перерождении в слизь. Том 4 : Фусэ, Каваками, Миц",771.0,,https://www.labirint.ru/books/805845/
,Ложные выводы. Том 3 : Кё Сиродайра,771.0,,https://www.labirint.ru/books/817778/
,"Тетрадь Дух моей общаги, 12 листов, клетка : Федор Нечитайло",319.0,,https://www.labirint.ru/office/821209/
,Железный миротворец. Том 10 : Нанаэ Куроно,353.0,,https://www.labirint.ru/books/819995/
,Коллекционный бокс. У меня мало друзей. Часть 1. Тома 1-10,368.0,,https://www.labirint.ru/office/865497/
,Метеора. Обманный маневр : Евгений Еронин,196.0,,https://www.labirint.ru/books/868699/
,Beck. Восточная Ударная Группа. Книга 3 : Харольд Сакуиси,1642.0,,https://www.labirint.ru/books/869682/
,"У меня мало друзей. Том 2 : Итати, Хирасака",477.0,,https://www.labirint.ru/books/537392/
,"Очень приятно, бог. Том 2 : Джульетта Судзуки",539.0,,https://www.labirint.ru/books/659947/
,"Мир игры Ghost of Tsushima : Голдфарб, Коннелл",2334.0,,https://www.labirint.ru/books/868510/
,Монстр. Том 1 : Наоки Урасава,1132.0,,https://www.labirint.ru/books/869709/
,"О моём перерождении в слизь. Том 7 : Фусэ, Каваками, Миц",771.0,,https://www.labirint.ru/books/869739/
,Фьюри. Моя война прошла давно. Том 1 : Гарт Эннис,451.0,,https://www.labirint.ru/books/871317/
,Дни Демона. Надвигается буря #1 : Пич Момоко,228.0,,https://www.labirint.ru/books/871299/
,Конан-варвар. Тайна Гибельной реки : Рой Томас,195.0,,https://www.labirint.ru/books/871296/
,Конан-варвар. Башня Слона : Рой Томас,195.0,,https://www.labirint.ru/books/871290/
,"МОДОК. Игра головой : Блум, Освальт",504.0,,https://www.labirint.ru/books/871287/
,Мастер меча. Том 2. Бог Войны : Шуйчжу,652.0,,https://www.labirint.ru/books/871286/
,Мастер меча. Том 1. Битва древних : Шуйчжу,504.0,,https://www.labirint.ru/books/871285/
,Аэро. Том 2. Тайна мадам Хуан : ЛеФэнь Чжоу,652.0,,https://www.labirint.ru/books/871260/
,Врата Штейна 0. Том 2 : Така Химэно,500.0,,https://www.labirint.ru/books/748442/
,Билли Айлиш. Stickers,1087.0,,https://www.labirint.ru/games/748530/
,Семь смертных грехов. Том 2 : Судзуки Накаба,687.0,,https://www.labirint.ru/books/748912/
,"Ложные выводы. Том 1 : Сиродайра, Катасэ",771.0,,https://www.labirint.ru/books/749601/
,Эльф не может похудеть. Том 1 : Синекдоха,353.0,,https://www.labirint.ru/books/749433/
,Бандак. Том 5 : Лена Айс,303.0,,https://www.labirint.ru/books/749428/
,MNG. Выпуск 17,681.0,,https://www.labirint.ru/books/749426/
,Труп в Имджине и другие истории Харви Курцмана : Харви Курцман,1393.0,,https://www.labirint.ru/books/750627/
,"Восхождение Героя Щита. Том 10 : Кю, Юсаги",500.0,,https://www.labirint.ru/books/750345/
,Хеллбой. 25 лет обложек,1367.0,,https://www.labirint.ru/books/746020/
,"Ну не может моя сестренка быть такой милой. Том 1 : Икэда, Фусими",477.0,,https://www.labirint.ru/books/613416/
,"Без игры жизни нет. Том 2 : Ю, Хиираги",477.0,,https://www.labirint.ru/books/711163/
,"Восхождение Героя Щита. Том 11 : Кю, Юсаги",500.0,,https://www.labirint.ru/books/754539/
,"У меня мало друзей. Том 17 : Итати, Хирасака",477.0,,https://www.labirint.ru/books/754537/
,Дёшево и сердито. Выход в город : Мария Протас,1091.0,,https://www.labirint.ru/books/751629/
,Лучшее время жизни. Том 1 (4-х томник) : Киман,479.0,,https://www.labirint.ru/books/754561/
,"Дабл ми. Том 1. В 5-и томах : Ото-Сан, Мики",429.0,,https://www.labirint.ru/books/754560/
,Anime Challenge. Блокнот настоящего отаку от Reanimedia. Оформление от hemomolin,281.0,,https://www.labirint.ru/books/755302/
,Бэтмен. Страж Готэма : Мэттью Мэннинг,311.0,,https://www.labirint.ru/books/745771/
,Семь смертных грехов. Том 3 : Судзуки Накаба,687.0,,https://www.labirint.ru/books/759616/
,Психиатрия. Истории про людей : Ольга Задорожная,391.0,,https://www.labirint.ru/books/762170/
,Лучшее время жизни. Том 2 : Киман,479.0,,https://www.labirint.ru/books/763039/
,Бдительный Эгути-кун. Том 1 : Юкико Нодзава,278.0,,https://www.labirint.ru/books/763038/
,"Математика в комиксах. 4 класс. Планета ВПР-4. Готовимся к ВПР : Галатенко, Панкратьева",128.0,,https://www.labirint.ru/books/764925/
,Диво Чудное. Том 2 : Роман Папсуев,1820.0,,https://www.labirint.ru/books/762725/
,"Очень приятно, бог. Том 15 : Джульетта Судзуки",539.0,,https://www.labirint.ru/books/769062/
,Рыцари Сидонии. Том 8 : Нихэй Цутому,477.0,,https://www.labirint.ru/books/769060/
,"Очень приятно, бог. Том 14 : Джульетта Судзуки",539.0,,https://www.labirint.ru/books/768258/
,"Восхождение Героя Щита. Том 13 : Кю, Юсаги",500.0,,https://www.labirint.ru/books/768256/
,"Восхождение Героя Щита. Том 12 : Кю, Юсаги",500.0,,https://www.labirint.ru/books/768255/
,Других таких нет : Ваяма Яма,353.0,,https://www.labirint.ru/books/767304/
,Рыцари Изумруда. Том 5. Первое вторжение : Анн Робийар,479.0,,https://www.labirint.ru/books/767245/
,"Капитан Марвел. Том 3. На своих крыльях : Эллис, Деконник",303.0,,https://www.labirint.ru/books/771618/
,Рик и Морти. Постер-бук (9 штук),1192.0,,https://www.labirint.ru/books/772478/
,"Округ Хэрроу. Том 3 : Каллен, Тайлер",555.0,,https://www.labirint.ru/books/773255/
,Ты сияешь лунной ночью. Том 2 : Даити Мацусэ,477.0,,https://www.labirint.ru/books/773254/
,"Python. Великое программирование в Minecraft : Корягин, Корягина",831.0,,https://www.labirint.ru/books/773613/
,Гипербола с половиной : Элли Брош,601.0,,https://www.labirint.ru/books/773487/
,Бдительный Эгути-кун. Том 2 : Юкико Нодзава,278.0,,https://www.labirint.ru/books/774738/
,"Страна Чудес Смертников. Том 9 : Катаока, Кондо",477.0,,https://www.labirint.ru/books/776927/
,"Очень приятно, бог. Том 18 : Джульетта Судзуки",539.0,,https://www.labirint.ru/books/776925/
,"Очень приятно, бог. Том 17 : Джульетта Судзуки",539.0,,https://www.labirint.ru/books/776924/
,"Очень приятно, бог. Том 16 : Джульетта Судзуки",539.0,,https://www.labirint.ru/books/776923/
,Амулет. Книга 1. Хранитель камня : Кадзу Кибуиси,1428.0,,https://www.labirint.ru/books/778755/
,Джузеппе Бергман. Том 2. Африканские приключения : Мило Манара,807.0,,https://www.labirint.ru/books/778421/
,Sailor Moon. Том 6 : Наоко Такэути,578.0,,https://www.labirint.ru/books/779408/
,Соня-9 : Алексей Олейников,866.0,,https://www.labirint.ru/books/777945/
,Гарри Поттер. Косой переулок. Путеводитель по самой известной улице магического мира,2117.0,,https://www.labirint.ru/books/782036/
,Энциклопедия CALL OF DUTY. MODERN WARFARE : Энди Маквитти,1364.0,,https://www.labirint.ru/books/773682/
,Ветеринары в комиксах. Том 2 : Франсуа Жильсон,772.0,,https://www.labirint.ru/books/783653/
,Судьба/ Истоки. Том 1 : Гэн Уробути,516.0,,https://www.labirint.ru/books/782073/
,Ложные выводы. Том 2 : Ке Сиродайра,771.0,,https://www.labirint.ru/books/783122/
,"Первородный Грех. Тор и Локи. Десятое Царство : Аарон, Юинг",325.0,,https://www.labirint.ru/books/783120/
,Дешево и сердито. Том 2. Выход к электропоездам : Мария Протас,1192.0,,https://www.labirint.ru/books/779583/
,Энциклопедия. Всё о Леди Баг и Супер-Коте,606.0,,https://www.labirint.ru/books/780165/
,Необъятный океан. Том 2 : Иноуэ Кэндзи,771.0,,https://www.labirint.ru/books/785594/
,Бездомный бог. Том 13 : Адатитока,539.0,,https://www.labirint.ru/books/787966/
,Старик Хоукай : Итан Сакс,1038.0,,https://www.labirint.ru/books/780548/
,Занимательная фармакология. Манга : Эдагава Ёсикуни,913.0,,https://www.labirint.ru/books/789310/
,Аэро. Том 1. Затишье перед бурей : ЛеФэнь Чжоу,504.0,,https://www.labirint.ru/books/871259/
,Академия Стрэнджа. Первый семестр : Скотти Янг,1089.0,,https://www.labirint.ru/books/871258/
,Сиротка и Пятерка тварей. Выпуск 3 : Джеймс Стоко,195.0,,https://www.labirint.ru/books/871256/
,Сиротка и Пятерка тварей. Выпуск 2 : Джеймс Стоко,195.0,,https://www.labirint.ru/books/871255/
,"Властелины Вселенной. Откровение. Выпуск 4 : Смит, Дэвид, Шеридан",195.0,,https://www.labirint.ru/books/871253/
,"Терминатор. Буря. Одним выстрелом : Аркуди, Робинсон",1425.0,,https://www.labirint.ru/books/871241/
,"Тарзан. Былое и грядущее : Берроуз, Гордон",1344.0,,https://www.labirint.ru/books/871240/
,"Дух во плоти. История о големе : Найлз, Санторо",1176.0,,https://www.labirint.ru/books/871239/
,Гру. Самый умный человек в мире : Серхио Арагонес,504.0,,https://www.labirint.ru/books/871238/
,47 ронинов : Майк Ричардсон,504.0,,https://www.labirint.ru/books/871237/
,Дело Принципа : Дмитрий Чинов,1257.0,,https://www.labirint.ru/books/871235/
,Ребрендинг : Алексей Ли,417.0,,https://www.labirint.ru/books/871233/
,Дневник будущего. Том 11 : Эсуно Сакаэ,479.0,,https://www.labirint.ru/books/740547/
,Эра Альтрона : Брайан Бендис,661.0,,https://www.labirint.ru/books/743206/
,"Волшебный мир №1 февраль-март 2020 г. Сказочный патруль. Цветочное мороженое : Кострова, Маслина",111.0,,https://www.labirint.ru/books/742761/
,Прекрасный воин Сейлор Мун. Том 4 : Наоко Такэути,578.0,,https://www.labirint.ru/books/711164/
,"Восхождение Героя Щита. Том 3 : Кю, Юсаги",500.0,,https://www.labirint.ru/books/542561/
,"Фигурная магнитная закладка ""BTS. Чимин""",378.0,,https://www.labirint.ru/office/713656/
,Фигурная магнитная закладка. BTS. V,378.0,,https://www.labirint.ru/office/713654/
,"Фигурная магнитная закладка ""BTS. Suga""",378.0,,https://www.labirint.ru/office/713653/
,"MNG. Выпуск 16 : Айдо, Надзоми, Квашнин",681.0,,https://www.labirint.ru/books/713642/
,"American Gods: Shadows (HB) comics : Gaiman, Рассел, Hampton",3107.0,,https://www.labirint.ru/books/716646/
,Бездомный бог. Том 12 : Адатитока,539.0,,https://www.labirint.ru/books/717974/
,Смертельно Прекрасна. Том 2 : Келли Деконник,617.0,,https://www.labirint.ru/books/717976/
,"Манман-тян, ан! Священные узы. Том 3 : Кидзуки, Сато",278.0,,https://www.labirint.ru/books/716124/
,Фиолетовое поле Лариона. Том 1 : Ши Кера,328.0,,https://www.labirint.ru/books/718670/
,За гранью времен. Том 1 : Говард Лавкрафт,303.0,,https://www.labirint.ru/books/718667/
,"Мультсериал моей мечты : Бизяев, Герасимов, Хромогин",280.0,,https://www.labirint.ru/books/720554/
,Метеора. Том 7. Вольная птица : Анна Булатова,424.0,,https://www.labirint.ru/books/665919/
,Она - монстр. Пробуждение. Том 1 : Марджори Лью,471.0,,https://www.labirint.ru/books/666069/
,Пес и другие рассказы Г. Ф. Лавкрафта : Говард Лавкрафт,580.0,,https://www.labirint.ru/books/665494/
,Громовержцы. Том 3. Бесконечность : Чарльз Соул,303.0,,https://www.labirint.ru/books/670588/
,"Как стать счастливым, ничего не делая, или Мой грандиозный план жизни : Пани Бука",664.0,,https://www.labirint.ru/books/671176/
,"Занимательная информатика. Криптография. Манга : Митани, Сато",913.0,,https://www.labirint.ru/books/671353/
,Округ Хэрроу. Том 2 : Каллен Банн,555.0,,https://www.labirint.ru/books/672747/
,Джек Кирби. Человек за кулисами Марвел. Биография : Марк Эваньер,1192.0,,https://www.labirint.ru/books/672122/
,Золотой ключ : Екатерина Волжина,426.0,,https://www.labirint.ru/books/674784/
,Как я поменял одного папу на двух золотых рыбок : Нил Гейман,490.0,,https://www.labirint.ru/books/671183/
,Люди Икс. Великий замысел #2 : Эдвард Пискор,247.0,,https://www.labirint.ru/books/673642/
,Хребты безумия. Тетрадь первая : Говард Лавкрафт,605.0,,https://www.labirint.ru/books/673994/
,Призрак тьмы и другие рассказы : Говард Лавкрафт,555.0,,https://www.labirint.ru/books/673992/
,Рыцари Сидонии. Том 5 : Нихэй Цутому,477.0,,https://www.labirint.ru/books/676442/
,Рыцари Сидонии. Том 4 : Нихэй Цутому,477.0,,https://www.labirint.ru/books/676441/
,"Очень приятно, бог. Том 5 : Джульетта Судзуки",539.0,,https://www.labirint.ru/books/676444/
,Без игры жизни нет. Том 4 : Камия Ю,539.0,,https://www.labirint.ru/books/677642/
,Хребты безумия. Тетрадь 2 : Говард Лавкрафт,555.0,,https://www.labirint.ru/books/676862/
,ТораДора! Том 6 : Ююко Такэмия,303.0,,https://www.labirint.ru/books/676859/
,Занимательная манга. Управление проектами : Хироканэ Осаму,913.0,,https://www.labirint.ru/books/681588/
,Танос: Откровение Бесконечности : Джим Старлин,453.0,,https://www.labirint.ru/books/684433/
,Мстители: Нескончаемая Война : Уоррен Эллис,453.0,,https://www.labirint.ru/books/684432/
,Дневник будущего. Том 3 : Эсуно Сакаэ,353.0,,https://www.labirint.ru/books/687618/
,Воскресение Рэйчел. Том 2 : Терри Мур,539.0,,https://www.labirint.ru/books/691347/
,Хвост Феи. Том 2 : Масима Хиро,500.0,,https://www.labirint.ru/books/691343/
,GUNNM. Оружие мечты. Том 4 : Юкито Кисиро,524.0,,https://www.labirint.ru/books/691336/
,Хребты безумия. Тетрадь третья : Говард Лавкрафт,580.0,,https://www.labirint.ru/books/690763/
,Фигурная магнитная закладка. Супермен,362.0,,https://www.labirint.ru/office/694187/
,Капитан Марвел. Том 2. На стиле : Келли Деконник,303.0,,https://www.labirint.ru/books/694218/
,"Капитан Марвел. Том 1. Выше, дальше, быстрее, больше : Келли Деконник",303.0,,https://www.labirint.ru/books/694217/
,Жуй. Том 3 : Джон Лэйман,1085.0,,https://www.labirint.ru/books/694208/
,Хребты безумия. Тетрадь четвертая : Говард Лавкрафт,681.0,,https://www.labirint.ru/books/694846/
,ТораДора! Том 7 : Ююко Такэмия,404.0,,https://www.labirint.ru/books/694845/
,Нелюдь. Том 7 : Сакураи Гамон,500.0,,https://www.labirint.ru/books/698176/
,"Пророк. Том 1. Возрождение : Грэм, Милоноянис, Рой",617.0,,https://www.labirint.ru/books/698912/
,Бездомный бог. Том 8 : Адатитока,539.0,,https://www.labirint.ru/books/620563/
,"Восхождение героя Щита. Том 9 : Кю, Юсаги",500.0,,https://www.labirint.ru/books/700242/
,Хвост Феи. Том 4 : Масима Хиро,500.0,,https://www.labirint.ru/books/700894/
,"Marvel: 75 лет чудес : Ли, Кирби, Саймон",3850.0,,https://www.labirint.ru/books/703794/
,"Сорвиголова: Страх : Лоэб, Сэйл",1022.0,,https://www.labirint.ru/books/703793/
,Дневник будущего. Том 5 : Эсуно Сакаэ,429.0,,https://www.labirint.ru/books/703739/
,"Кешка. Все истории про необыкновенного кота : Снегирев, Снегирева",1604.0,,https://www.labirint.ru/books/632734/
,Занимательное строительство. Бетон. Манга : Тэцуя Исида,913.0,,https://www.labirint.ru/books/706783/
,Хвост Феи. Том 6 : Масима Хиро,500.0,,https://www.labirint.ru/books/703987/
,Без игры жизни нет. Том 1 : Камия Ю,524.0,,https://www.labirint.ru/books/603774/
,Восхождение Героя Щита. Том 2 : Айя Кю,500.0,,https://www.labirint.ru/books/537352/
,Бездомный бог. Том 10 : Адатитока,539.0,,https://www.labirint.ru/books/706610/
,Хвост Феи. Том 5 : Масима Хиро,500.0,,https://www.labirint.ru/books/703988/
,"Страна чудес смертников. Том 3 : Катаока, Кондо",477.0,,https://www.labirint.ru/books/707288/
,Страна Чудес Смертников. Том 2 : Дзинсэй Катаока,477.0,,https://www.labirint.ru/books/707287/
,Аннигиляция. Книга первая : Дэн Абнетт,813.0,,https://www.labirint.ru/books/707854/
,"Очень приятно, бог. Том 7 : Джульетта Судзуки",539.0,,https://www.labirint.ru/books/709166/
,"Очень приятно, бог. Том 8 : Джульетта Судзуки",539.0,,https://www.labirint.ru/books/709787/
,Врата Штейна 0. Том 1 : Така Химэно,500.0,,https://www.labirint.ru/books/709784/
,Стратосфера сна : Комацу Синья,479.0,,https://www.labirint.ru/books/708680/
,Дневник будущего. Том 6 : Эсуно Сакаэ,429.0,,https://www.labirint.ru/books/708679/
,"Пёс по имени Мани в комиксах. Гусыня, приносящая богатство : Бодо Шефер",1475.0,,https://www.labirint.ru/books/709491/
,Пёс по имени Мани в комиксах. В мире денег: первые открытия : Бодо Шефер,1270.0,,https://www.labirint.ru/books/709490/
,Пёс по имени Мани в комиксах. Безграничные возможности денег : Бодо Шефер,1475.0,,https://www.labirint.ru/books/709489/
,Ключи Локков. Том 3. Корона Теней : Джо Хилл,1091.0,,https://www.labirint.ru/books/712536/
,Хальмстад : Алексей Герасимов,150.0,,https://www.labirint.ru/books/720552/
,LEGO Удивительные машины (+ набор из 61 элемента) : Рона Скин,2265.0,,https://www.labirint.ru/books/721532/
,Чудовище за соседней партой. Том 10 : Робико,477.0,,https://www.labirint.ru/books/718367/
,Новая Росомаха. Том 1 : Том Тейлор,824.0,,https://www.labirint.ru/books/722818/
,"Очень приятно, бог. Том 12 : Джульетта Судзуки",539.0,,https://www.labirint.ru/books/723082/
,"Очень приятно, бог. Том 11 : Джульетта Судзуки",539.0,,https://www.labirint.ru/books/723081/
,Dark Tower: Gunslinger: Battle of Tull (comics) : Stephen King,792.0,,https://www.labirint.ru/books/723929/
,Клаус. Новые приключения Санта-Клауса : Грант Моррисон,510.0,,https://www.labirint.ru/books/724549/
,Томиэ. Том 2 : Дзюндзи Ито,731.0,,https://www.labirint.ru/books/723534/
,Бандак. Том 4 : Лена Айс,303.0,,https://www.labirint.ru/books/723528/
,GUNNM. Оружие мечты. Том 5 : Юкито Кисиро,524.0,,https://www.labirint.ru/books/725639/
,Хвост Феи. Том 8 : Масима Хиро,500.0,,https://www.labirint.ru/books/726299/
,Хвост Феи. Том 7 : Масима Хиро,500.0,,https://www.labirint.ru/books/726298/
,Хвост Феи. Том 10 : Масима Хиро,500.0,,https://www.labirint.ru/books/726832/
,Кот Саймона. Собачий ответ : Саймон Тофилд,342.0,,https://www.labirint.ru/books/725720/
,О моём перерождении в слизь. Том 1 : Фусэ,771.0,,https://www.labirint.ru/books/730978/
,Звёздные Войны. Рыцари Старой Республики. Книга 3 : Джон Миллер,853.0,,https://www.labirint.ru/books/565610/
,"У меня мало друзей. Том 4 : Итати, Хирасака",477.0,,https://www.labirint.ru/books/537389/
,Бездомный бог. Том 3 : Адатитока,539.0,,https://www.labirint.ru/books/565124/
,Воскресение Рэйчел. Книга 1 : Терри Мур,569.0,,https://www.labirint.ru/books/569269/
,"Eto Belarus, detka! : Черякова, Чернова",511.0,,https://www.labirint.ru/books/569125/
,Бездомный бог. Том 5 : Адатитока,539.0,,https://www.labirint.ru/books/579534/
,Призрак в ночи. Том 1 : Светлана Тихомирова,353.0,,https://www.labirint.ru/books/573929/
,Банси. Часть 5 : Александр Носов,93.0,,https://www.labirint.ru/books/581777/
,"Храбрейшие Воины. №3 : Комо, Пекуин",110.0,,https://www.labirint.ru/books/583321/
,Bansi. №4 : Александр Еренко,93.0,,https://www.labirint.ru/books/583313/
,Bansi. №3 : Александр Носов,93.0,,https://www.labirint.ru/books/583312/
,"Я - Сакамото, а что? Том 2 : Сано Нами",477.0,,https://www.labirint.ru/books/584506/
,Чудовище за соседней партой. Том 5 : Робико,477.0,,https://www.labirint.ru/books/584505/
,Шерлок. Том 2 : Кёджон Квон,244.0,,https://www.labirint.ru/books/586457/
,Несокрушимый Халк. Время крушить : Марк Уэйд,504.0,,https://www.labirint.ru/books/589957/
,Чудовище за соседней партой. Том 6 : Робико,477.0,,https://www.labirint.ru/books/592407/
,"У меня мало друзей. Том 14 : Итати, Хирасака",477.0,,https://www.labirint.ru/books/598818/
,"Я - Сакамото, а что? Том 3 : Сано Нами",477.0,,https://www.labirint.ru/books/598817/
,Твой путь в киберспорт : Марк Дайвер,299.0,,https://www.labirint.ru/books/601658/
,"Пиджаки и револьверы. Том 1. Ящик раздора : Журавлева, Уракова, Морозова",370.0,,https://www.labirint.ru/books/611251/
,Союзники. Том 1. Перед рассветом : Наталия Девова,509.0,,https://www.labirint.ru/books/611244/
,БРПД. 1948 : Майк Миньола,617.0,,https://www.labirint.ru/books/608762/
,"Райская Кукла. Том 1. Желтый город / Аква : Барбуччи, Канепа",648.0,,https://www.labirint.ru/books/608761/
,Blame! Том 3 : Нихэй Цутому,500.0,,https://www.labirint.ru/books/618127/
,Бездомный бог. Том 7 : Адатитока,539.0,,https://www.labirint.ru/books/620562/
,"Я - Сакамото, а что? Том 4 : Сано Нами",477.0,,https://www.labirint.ru/books/620561/
,Императрица. Книга 1 : Марк Миллар,602.0,,https://www.labirint.ru/books/616709/
,Дно. Том 1. Отчаянная надежда : Рик Ремендер,539.0,,https://www.labirint.ru/books/622224/
,Межгалактическое телевидение : Артем Крашенинников,238.0,,https://www.labirint.ru/books/624947/
,Сказки старой Руси. Истоки : Роман Папсуев,2354.0,,https://www.labirint.ru/books/622190/
,"Семейка Патиссон. Музыкальный детектив : Плесси, Жуанниго",755.0,,https://www.labirint.ru/books/627248/
,Бездомный бог. Том 9 : Адатитока,539.0,,https://www.labirint.ru/books/630361/
,Родословная хип-хопа. Выпуск №5 : Эдвард Пискор,202.0,,https://www.labirint.ru/books/631551/
,Легенды : Пол Дженкинс,828.0,,https://www.labirint.ru/books/631927/
,"Нахальный принц и кошка-несмеяна. Том 3 : Окомэкэн, Со, Кантоку",387.0,,https://www.labirint.ru/books/542563/
,Chibisan Date. Моменты Жизни. Том 2 : Химаруя Хидэкадзу,477.0,,https://www.labirint.ru/books/542564/
,Chibisan Date. Моменты Жизни. Том 3 : Химаруя Хидэкадзу,477.0,,https://www.labirint.ru/books/542562/
,The Beatles. Рождение легенды : Маури Куннас,979.0,,https://www.labirint.ru/books/638068/
,Колдун Нагаш. И мертвые восстанут... : Майк Ли,561.0,,https://www.labirint.ru/books/329651/
,Нелюдь. Том 4 : Сакураи Гамон,500.0,,https://www.labirint.ru/books/637326/
,Бандитка. Вуаля : Пол Тобин,292.0,,https://www.labirint.ru/books/638331/
,Метеора. Том 6. Проверка пульса : Анна Булатова,424.0,,https://www.labirint.ru/books/638141/
,Родословная хип-хопа. Выпуск №6 : Эдвард Пискор,202.0,,https://www.labirint.ru/books/640109/
,Город кислоты 1 : Кюго,477.0,,https://www.labirint.ru/books/542566/
,Нелюдь. Том 5 : Сакураи Гамон,500.0,,https://www.labirint.ru/books/640622/
,Когда зацветет эджвортия : Фумико Фуми,530.0,,https://www.labirint.ru/books/644303/
,"У меня мало друзей. Том 10 : Итати, Хирасака",477.0,,https://www.labirint.ru/books/537372/
,Родословная хип-хопа. Выпуск №7 : Эдвард Пискор,202.0,,https://www.labirint.ru/books/647798/
,Чудовище за соседней партой. Том 8 : Робико,477.0,,https://www.labirint.ru/books/648175/
,Чудовище за соседней партой. Том 7 : Робико,477.0,,https://www.labirint.ru/books/648174/
,Переосмысление Комикса. Эволюция формы искусства : Скотт МакКлауд,767.0,,https://www.labirint.ru/books/653253/
,Игра престолов. Графический роман : Мартин Джордж Р. Р.,1981.0,,https://www.labirint.ru/books/652463/
,Номер один. Том 15 : Никки Ли,244.0,,https://www.labirint.ru/books/654313/
,GUNNM. Оружие мечты. Том 2 : Юкито Кисиро,524.0,,https://www.labirint.ru/books/657382/
,Месть зомби-монахов. Книга 2 : Кара Стивенс,777.0,,https://www.labirint.ru/books/657751/
,DURAN. Бесконечная шутка. Комикс : Duran,338.0,,https://www.labirint.ru/books/658184/
,Родословная хип-хопа. Выпуск №9 : Эдвард Пискор,202.0,,https://www.labirint.ru/books/660435/
,Звездный замок. Том 4. Земляне на Марсе : Алекс Алис,1283.0,,https://www.labirint.ru/books/659404/
,Чудовище за соседней партой. Том 9 : Робико,477.0,,https://www.labirint.ru/books/664461/
,Бандак. Том 2 : Лена Айс,303.0,,https://www.labirint.ru/books/661167/
,Интриги Ватсона и новый Шерлок Холмс. Том 3 : Мацури Акино,241.0,,https://www.labirint.ru/books/730521/
,Сёстры : Рейна Телгемайер,501.0,,https://www.labirint.ru/books/729263/
,Семь смертных грехов. Том 1 : Судзуки Накаба,687.0,,https://www.labirint.ru/books/730915/
,"American Gods. Volume 2. My Ainsel : Gaiman, Рассел",1765.0,,https://www.labirint.ru/books/732130/
,Истории Монстров. Том 2 : Исин Нисио,539.0,,https://www.labirint.ru/books/732020/
,Хвост Феи. Том 11 : Масима Хиро,500.0,,https://www.labirint.ru/books/732018/
,Прекрасный воин Сейлор Мун. Sailor Moon. Том 5 : Наоко Такэути,578.0,,https://www.labirint.ru/books/732017/
,Чудовище за соседней партой. Том 13 : Робико,477.0,,https://www.labirint.ru/books/732016/
,Чудовище за соседней партой. Том 12 : Робико,477.0,,https://www.labirint.ru/books/732015/
,Чудовище за соседней партой. Том 11 : Робико,477.0,,https://www.labirint.ru/books/732014/
,Аваддон. Том 1 : Александр Семенов,328.0,,https://www.labirint.ru/books/733170/
,Смех и Смерть : Эдриан Томинэ,583.0,,https://www.labirint.ru/books/733925/
,"Прометей и ящик Пандоры. Комиксы : Ферри, Брюно",718.0,,https://www.labirint.ru/books/734253/
,Яибофобия : Лев Ганкин,432.0,,https://www.labirint.ru/books/733926/
,Ария. Том 1 : Кодзуэ Амано,782.0,,https://www.labirint.ru/books/734367/
,Мстители. Последняя белая вспышка. Том 2 : Джонатан Хикман,325.0,,https://www.labirint.ru/books/533178/
,"Рыцари Изумруда. Том 2. Испытание Волшебника : Робийар, Ожэ",341.0,,https://www.labirint.ru/books/451846/
,"Илегенес. Том 3 : Кувабара, Исидзуэ",404.0,,https://www.labirint.ru/books/470483/
,Илегенес. Генетический Содом. Том 2 : Мидзуна Кувабара,303.0,,https://www.labirint.ru/books/470482/
,Я не ангел. Том 4 : Такако Сигэмацу,303.0,,https://www.labirint.ru/books/494861/
,Созвездие воображаемых зверей. Том 4 : Мацури Акино,530.0,,https://www.labirint.ru/books/494852/
,Зеро. Нулевой образец. Том 4 : Далл Лим,278.0,,https://www.labirint.ru/books/494799/
,Номер один. Том 4 : Никки Ли,216.0,,https://www.labirint.ru/books/494635/
,Герой. Том 3 : Хван Ким,200.0,,https://www.labirint.ru/books/494598/
,Номер один. Том 7 : Никки Ли,216.0,,https://www.labirint.ru/books/506605/
,MNG. Альманах русской манги. Выпуск 11,328.0,,https://www.labirint.ru/books/506467/
,Кот Х : Олег Тищенков,1397.0,,https://www.labirint.ru/books/509275/
,Кот два : Олег Тищенков,1397.0,,https://www.labirint.ru/books/509274/
,One. Том 4 : Вин Ли,216.0,,https://www.labirint.ru/books/515235/
,Занимательная физика. Квантовая механика : Кэндзи Исикава,913.0,,https://www.labirint.ru/books/516661/
,Небесный десант. Том 3 : Хен Ю,244.0,,https://www.labirint.ru/books/521167/
,"Куклы. Том 6 : Саки, Накамура",580.0,,https://www.labirint.ru/books/526373/
,Железный миротворец. Том 3 : Нанаэ Куроно,731.0,,https://www.labirint.ru/books/526347/
,Как здороваться с ёжиком? : Валерий Горбачев,888.0,,https://www.labirint.ru/books/532981/
,"У меня мало друзей. Том 12 : Итати, Хирасака",477.0,,https://www.labirint.ru/books/537362/
,ФрикАнгелы. Книга 4 : Уоррен Эллис,517.0,,https://www.labirint.ru/books/537361/
,"Восхождение Героя Щита. Том 1 : Кю, Юсаги",500.0,,https://www.labirint.ru/books/537358/
,"БРПД. 1947 : Миньола, Дайсарт",617.0,,https://www.labirint.ru/books/537356/
,Изгой. Том 1 : Роберт Киркман,539.0,,https://www.labirint.ru/books/537354/
,"У меня мало друзей. Том 13 : Итати, Хирасака",477.0,,https://www.labirint.ru/books/537353/
,Chibisan Date. Моменты Жизни. Том 4 : Хидэкадзу Химаруя,477.0,,https://www.labirint.ru/books/537371/
,"У меня мало друзей. Том 11 : Итати, Хирасака",477.0,,https://www.labirint.ru/books/537369/
,Без игры жизни нет. Том 1 : Камия Ю,477.0,,https://www.labirint.ru/books/537367/
,Врата Штейна. Том 2 : Еми Сарати,500.0,,https://www.labirint.ru/books/537243/
,ФрикАнгелы. Том 1 : Уоррен Эллис,437.0,,https://www.labirint.ru/books/537235/
,ФрикАнгелы. Том 2 : Уоррен Эллис,437.0,,https://www.labirint.ru/books/537233/
,Создания Ночи : Нил Гейман,517.0,,https://www.labirint.ru/books/537227/
,ФрикАнгелы. Книга 3 : Уоррен Эллис,517.0,,https://www.labirint.ru/books/537224/
,Фелл. Град Обреченных : Уоррен Эллис,517.0,,https://www.labirint.ru/books/537221/
,"У меня мало друзей. Том 7 : Итати, Хирасака",477.0,,https://www.labirint.ru/books/537380/
,"Нахальный принц и кошка-несмеяна. Том 5 : Окомэкэн, Со",387.0,,https://www.labirint.ru/books/537373/
,"У меня мало друзей. Том 3 : Итати, Хирасака",477.0,,https://www.labirint.ru/books/537390/
,Chibisan Date. Моменты Жизни. Том 1 : Химаруя Хидэкадзу,477.0,,https://www.labirint.ru/books/537399/
,Кому достался арбуз? : Валерий Горбачев,971.0,,https://www.labirint.ru/books/537728/
,"Нахальный принц и кошка-несмеяна. Том 7 : Окомэкэн, Со, Кантоку",387.0,,https://www.labirint.ru/books/537349/
,Врата Штейна. Том 3 : Еми Сарати,500.0,,https://www.labirint.ru/books/537366/
,"У меня мало друзей. Том 1 : Итати, Хирасака",477.0,,https://www.labirint.ru/books/537393/
,Бездомный бог. Том 1 : Адатитока,539.0,,https://www.labirint.ru/books/544609/
,Бездомный бог. Том 2 : Адатитока,539.0,,https://www.labirint.ru/books/551611/
,Занимательная молекулярная биология. Манга : Масахару Такэмура,913.0,,https://www.labirint.ru/books/565119/
,"Дух моей общаги : Нечитайло, Варламов, Килевая",487.0,,https://www.labirint.ru/books/739598/
,"О моём перерождении в слизь. Том 2 : Фусэ, Каваками, Миц",771.0,,https://www.labirint.ru/books/737855/
,"Чудеса. Объектив. Руины : Бьюсик, Стерн",990.0,,https://www.labirint.ru/books/744123/
,Магазинчик обуви. Том 1 : Мин Чо,303.0,,https://www.labirint.ru/books/741697/
,Под звёздным небом: учимся наблюдать планеты и искать созвездия : Гаэль Альмерэ,1110.0,,https://www.labirint.ru/books/741149/
,Арчи и Сабрина. Том 1 : Ник Спенсер,528.0,,https://www.labirint.ru/books/745045/
,"Посланник. Сингулярности : Нгуен, Лемир",561.0,,https://www.labirint.ru/books/744199/
,Ключи Локков. Том 5. Часовой механизм : Джо Хилл,1091.0,,https://www.labirint.ru/books/740959/
,Посланник. Книга первая. Оловянные звезды : Джефф Лемир,519.0,,https://www.labirint.ru/books/528059/
,Билли Айлиш. Раскраска,238.0,,https://www.labirint.ru/books/746815/
,"Очень приятно, бог. Том 13 : Джульетта Судзуки",539.0,,https://www.labirint.ru/books/748444/
,Врата Штейна 0. Том 3 : Така Химэно,500.0,,https://www.labirint.ru/books/748443/
